ZCTA5CE10,GEOID10,CLASSFP10,MTFCC10,FUNCSTAT10,ALAND10,AWATER10,INTPTLAT10,INTPTLON10,Shape_Leng,Shape_Area,ZIP,YEAR,POP,P0_44,P45_64,P65_,PER65,PERW,PERHIS,PERBLK,PERASN,PERAUTO,PERTRAN,PERPEDB,PERTELE,PERBACH,CASE4_11,CASE4_16,TEST4_16,MEDINC,PERNCITZ,PERASSIS,PEROFFTC,PERHSRV,PERPSRV,PERFOOD,PERCLEAN,PERTROCC,PERHU1,PERHU2_9,PERHU10p,PERMOBH,PERNOINS,PERNOBB,CASE_5_1,TEST_5_1,cases_ests,GISJOIN_1,YEAR_1,STUSAB,ZCTA5A,GEOID,NAME_E,ALY7E001,ALY7E002,ALY7E003,ALY7E004,ALY7E005,ALY7E006,ALY7E007,ALY7E008,ALY7E009,ALY7E010,ALY7E011,ALY7E012,ALY7E013,ALY8E001,ALY8E002,ALY8E003,ALY8E004,ALY8E005,ALY8E006,ALY8E007,ALY8E008,ALY8E009,ALY8E010,ALY8E011,ALY8E012,ALY8E013,ALZFE001,ALZFE002,ALZFE003,ALZFE004,ALZFE005,ALZFE006,ALZFE007,ALZFE008,ALZFE009,ALZFE010,ALZFE011,ALZFE012,ALZFE013,NAME_M,ALY7M001,ALY7M002,ALY7M003,ALY7M004,ALY7M005,ALY7M006,ALY7M007,ALY7M008,ALY7M009,ALY7M010,ALY7M011,ALY7M012,ALY7M013,ALY8M001,ALY8M002,ALY8M003,ALY8M004,ALY8M005,ALY8M006,ALY8M007,ALY8M008,ALY8M009,ALY8M010,ALY8M011,ALY8M012,ALY8M013,ALZFM001,ALZFM002,ALZFM003,ALZFM004,ALZFM005,ALZFM006,ALZFM007,ALZFM008,ALZFM009,ALZFM010,ALZFM011,ALZFM012,ALZFM013,totalHU,crowdHU,PERCROWD
60601,60601,B5,G6350,S,934220,61223,41.8856419,-87.6215226,5281.197839,995446.0868,60601,2014-2018,14675,9432,3168,2075,0.141397,0.659421,0.086814,0.052266,0.179966,0.261451,0.178218,0.449679,0.077467,0.832552,29,35,189,103243,0.239387,0.005528,0.810139,0.007382,0.000868,0.00304,0.010421,0.017803,0.037289,0,0.962711,0,0.029972,0.210966,51,347,0.146974,G60601,2015-2019,US,60601,86000US60601,ZCTA5 60601,7217,4081,3223,18,604,3,233,3136,2358,13,756,0,9,578,177,75,102,0,0,0,401,231,0,98,0,72,700,455,397,0,0,0,58,245,1,0,235,0,9,ZCTA5 60601,887,643,642,32,315,7,200,590,476,21,363,18,18,350,148,95,119,18,18,18,277,236,18,111,18,85,334,230,209,18,18,18,94,228,3,18,228,18,18,8248,40,0.484966
60604,60604,B5,G6350,S,239822,0,41.8780955,-87.6284599,2676.659035,239824.6773,60604,2014-2018,782,469,220,93,0.118926,0.612532,0.043478,0.047315,0.296675,0.150602,0.154618,0.550201,0.108434,0.871087,,,,116250,0.162404,0,0.766932,0,0,0,0,0,0,0.011686,0.988314,0,0.003836,0.08142,7,36,0.194444,G60604,2015-2019,US,60604,86000US60604,ZCTA5 60604,387,200,196,0,4,0,0,187,172,11,4,0,0,21,0,0,0,0,0,0,21,18,3,0,0,0,19,5,5,0,0,0,0,14,10,0,4,0,0,ZCTA5 60604,134,70,71,11,6,11,11,89,86,18,6,11,11,20,11,11,11,11,11,11,20,19,5,11,11,11,17,7,7,11,11,11,11,15,12,11,6,11,11,381,29,7.611549
60605,60605,B5,G6350,S,3225618,2037762,41.8675665,-87.6172276,14393.47631,3235408.712,60605,2014-2018,27519,18480,6470,2569,0.093354,0.573458,0.058432,0.16534,0.161016,0.346656,0.286901,0.258748,0.068008,0.773832,51,74,441,111164,0.103601,0.049333,0.714412,0.010401,0.014108,0.030927,0.000885,0.015989,0.093916,0.007184,0.8989,0,0.026408,0.143743,122,751,0.16245,G60605,2015-2019,US,60605,86000US60605,ZCTA5 60605,12654,6336,4070,374,1325,193,374,6318,3977,682,1592,0,67,2130,825,641,41,86,0,57,1305,673,206,358,0,68,1297,749,439,130,43,105,32,548,442,40,66,0,0,ZCTA5 60605,1039,727,595,193,381,166,244,554,519,269,356,21,59,540,326,287,41,76,21,80,390,314,114,250,21,83,451,343,270,126,42,166,41,278,269,39,59,21,21,13320,331,2.484985
60606,60606,B5,G6350,S,569723,92503,41.8825241,-87.6374269,4419.41306,662224.8621,60606,2014-2018,3101,1964,706,431,0.138987,0.686553,0.062883,0.023541,0.180909,0.242353,0.149804,0.431373,0.127451,0.931492,12,22,132,131477,0.108352,0.008637,0.750098,0.012162,0.0357,0.009808,0,0.017262,0.0072,0.016,0.9768,0,0.023632,0.040787,30,210,0.142857,G60606,2015-2019,US,60606,86000US60606,ZCTA5 60606,1906,1046,768,31,200,0,47,860,657,59,144,0,0,58,0,0,0,0,0,0,58,58,0,0,0,0,125,55,42,0,13,0,0,70,70,0,0,0,0,ZCTA5 60606,282,225,172,35,137,11,44,181,170,60,77,11,11,95,11,11,11,11,11,11,95,95,11,11,11,11,99,55,52,11,20,11,11,58,58,11,11,11,11,1999,49,2.451226
60607,60607,B5,G6350,S,5927980,84715,41.8748511,-87.6495693,16961.88742,6012700.321,60607,2014-2018,29591,23912,4075,1604,0.054206,0.52178,0.083032,0.143963,0.224562,0.362396,0.267698,0.285297,0.062024,0.771378,83,143,526,93508,0.121152,0.076659,0.701144,0.005382,0.022648,0.028759,0.016706,0.011492,0.116808,0.209524,0.673667,0,0.03399,0.10138,247,1036,0.238417,G60607,2015-2019,US,60607,86000US60607,ZCTA5 60607,12083,6397,4362,480,1165,237,153,5686,3975,422,1192,0,97,1626,800,361,280,75,0,84,826,393,239,185,0,9,1309,561,326,117,73,0,45,748,455,106,154,0,33,ZCTA5 60607,872,611,450,184,247,157,85,554,484,154,264,21,68,328,221,141,160,65,21,42,210,187,108,97,21,14,227,133,140,70,43,21,57,195,156,72,70,21,37,12465,369,2.960289
60608,60608,B5,G6350,S,16322718,568479,41.8468804,-87.6706636,23475.57955,16891207.35,60608,2014-2018,79205,54670,16683,7852,0.099135,0.191251,0.506862,0.172426,0.120295,0.559437,0.287764,0.100713,0.03295,0.265971,217,381,1269,44043,0.154813,0.212549,0.409088,0.033471,0.020396,0.109536,0.056192,0.03565,0.215211,0.659667,0.123128,0.001015,0.151609,0.270886,718,2303,0.311767,G60608,2015-2019,US,60608,86000US60608,ZCTA5 60608,18046,9592,4078,1944,1525,638,1407,8454,4263,1682,1843,45,621,2839,1339,340,335,186,186,292,1500,497,567,297,0,139,17276,9788,2075,2657,1072,1157,2827,7488,2808,2002,1660,53,965,ZCTA5 60608,1117,743,433,373,238,181,248,674,399,345,330,53,182,452,283,158,181,71,123,118,271,167,169,104,27,98,993,792,274,444,202,277,512,533,329,371,307,57,260,25372,1604,6.32193
60609,60609,B5,G6350,S,20050131,91903,41.8126802,-87.6569347,21766.1614,20142044.63,60609,2014-2018,61495,41352,13166,6977,0.113456,0.14915,0.534352,0.243288,0.062964,0.671268,0.231324,0.063785,0.025547,0.135508,144,290,872,35179,0.185869,0.351308,0.338874,0.035461,0.028845,0.101057,0.068783,0.042238,0.267533,0.659592,0.070051,0.002179,0.156531,0.323254,684,1764,0.387755,G60609,2015-2019,US,60609,86000US60609,ZCTA5 60609,12347,7468,1452,1758,928,1381,1949,4879,1679,1141,1471,15,573,4751,1983,320,629,337,100,597,2768,789,1040,684,62,193,13937,8723,815,2379,898,1837,2794,5214,1028,1595,1598,27,966,ZCTA5 60609,1033,740,281,350,177,262,380,463,269,227,215,23,169,549,325,97,157,120,62,270,415,224,204,155,43,76,901,662,206,372,170,337,366,470,192,282,248,29,232,19717,1575,7.988031
60610,60610,B5,G6350,S,2997481,1177321,41.9067723,-87.6322312,11503.54904,3036270.425,60610,2014-2018,39019,25344,7646,6029,0.154514,0.687076,0.06666,0.145211,0.081037,0.301776,0.36386,0.191573,0.07918,0.750198,87,108,548,86803,0.063174,0.080751,0.705117,0.012628,0.005429,0.038887,0.005198,0.014438,0.082112,0.102183,0.815194,0.000512,0.038046,0.148481,144,954,0.150943,G60610,2015-2019,US,60610,86000US60610,ZCTA5 60610,21075,10493,6982,605,2311,210,385,10582,7534,546,2365,27,110,2511,1040,350,243,117,165,165,1471,352,425,428,0,266,1595,878,516,154,88,12,108,717,320,141,184,27,45,ZCTA5 60610,1000,787,696,236,358,101,166,705,658,155,367,44,68,440,309,145,148,106,155,100,344,171,203,180,24,215,422,275,208,168,62,25,119,264,158,104,123,44,70,23208,390,1.680455
60611,60611,B5,G6350,S,2117488,1522781,41.8939292,-87.6144969,13038.55972,2159716.819,60611,2014-2018,32426,17665,7682,7079,0.218312,0.714458,0.052458,0.02754,0.176525,0.264482,0.207737,0.38197,0.076828,0.8389,63,75,537,103522,0.124684,0.010952,0.761555,0.005898,0.007977,0.01755,0.002466,0.008702,0.026446,0.011458,0.962096,0,0.020385,0.108029,97,980,0.09898,G60611,2015-2019,US,60611,86000US60611,ZCTA5 60611,15895,7884,5420,309,1735,182,238,8011,5832,393,1699,68,19,729,289,186,37,14,52,0,440,329,89,22,0,0,1066,630,366,90,117,36,21,436,220,100,116,0,0,ZCTA5 60611,897,638,475,150,426,134,122,632,565,208,351,83,30,263,139,110,42,18,90,24,214,207,99,26,24,24,292,203,139,94,73,42,33,200,107,159,62,24,24,20267,372,1.835496
60612,60612,B5,G6350,S,9709580,0,41.8803125,-87.6877424,16658.342,9709583.016,60612,2014-2018,34311,24173,7002,3136,0.091399,0.213751,0.122585,0.599341,0.046195,0.473753,0.337696,0.097341,0.07075,0.348434,199,282,1181,41300,0.053802,0.32301,0.534926,0.052931,0.029782,0.051374,0.031542,0.031339,0.177857,0.572582,0.248258,0.000716,0.082652,0.320119,375,1854,0.202265,G60612,2015-2019,US,60612,86000US60612,ZCTA5 60612,6552,3338,1955,452,543,200,188,3214,1804,639,619,39,113,6583,2687,900,665,351,158,613,3896,1090,1100,1263,54,389,2346,1142,390,288,201,126,137,1204,437,287,393,0,87,ZCTA5 60612,475,305,224,122,137,79,85,313,197,141,127,64,65,559,317,173,171,101,65,159,392,221,211,218,47,127,315,181,99,84,75,64,69,204,100,114,120,24,65,13300,633,4.759398
60613,60613,B5,G6350,S,5632034,1114040,41.9569485,-87.6542721,15098.58242,5639976.451,60613,2014-2018,50113,35978,9706,4429,0.08838,0.730349,0.112985,0.056951,0.065971,0.351514,0.482764,0.077503,0.074668,0.744755,126,162,617,82321,0.068166,0.062611,0.655627,0.015182,0.014198,0.043577,0.015097,0.022632,0.100378,0.317891,0.581293,0.000438,0.060222,0.123785,238,1057,0.225166,G60613,2015-2019,US,60613,86000US60613,ZCTA5 60613,29869,15569,10217,1379,3025,267,681,14300,9635,1607,2856,36,166,2174,1457,744,208,187,21,297,717,506,81,130,0,0,3740,2020,832,486,324,72,306,1720,831,239,542,19,89,ZCTA5 60613,1260,808,689,313,425,109,216,965,734,448,386,39,71,426,362,303,99,130,33,116,193,155,77,76,27,27,583,421,276,229,126,58,159,324,203,119,222,30,56,26096,566,2.168915
60614,60614,B5,G6350,S,8080173,864324,41.9227137,-87.6495775,17903.96683,8308851.751,60614,2014-2018,71308,52954,12175,6179,0.086652,0.796012,0.06054,0.039182,0.074073,0.370116,0.441566,0.091647,0.067261,0.846607,142,195,901,107461,0.056431,0.03463,0.726105,0.005589,0.006749,0.027396,0.005125,0.011578,0.195029,0.303448,0.498313,0.00321,0.028869,0.101149,270,1584,0.170455,G60614,2015-2019,US,60614,86000US60614,ZCTA5 60614,41226,21774,14552,1095,4995,331,801,19452,13748,1259,4278,13,154,1511,808,479,100,117,67,45,703,289,146,243,0,25,2678,1521,839,190,246,142,104,1157,688,104,336,0,29,ZCTA5 60614,1068,859,754,193,519,122,210,826,724,217,449,16,72,314,270,254,62,95,73,44,181,110,63,115,27,23,380,293,203,82,111,105,57,212,173,58,110,27,30,33696,244,0.724122
60615,60615,B5,G6350,S,5729683,1663610,41.8016473,-87.5962879,14150.42008,5740379.141,60615,2014-2018,41563,26700,8841,6022,0.144888,0.264274,0.061906,0.547073,0.080264,0.417856,0.306516,0.194882,0.069177,0.585859,127,177,927,44111,0.094435,0.17986,0.484303,0.026616,0.031634,0.038754,0.025852,0.029866,0.11579,0.313716,0.567745,0.001333,0.069929,0.247751,237,1394,0.170014,G60615,2015-2019,US,60615,86000US60615,ZCTA5 60615,7494,3772,2783,253,466,99,171,3722,2814,288,526,0,94,10394,4159,1735,840,697,259,628,6235,3331,1043,1447,84,330,1241,730,288,170,167,6,99,511,239,106,127,0,39,ZCTA5 60615,524,342,265,155,135,61,99,338,281,95,117,24,65,716,443,353,179,243,112,167,546,362,203,264,132,136,271,226,85,152,105,10,80,104,63,74,78,24,54,20281,312,1.538386
60616,60616,B5,G6350,S,10354601,1602198,41.8448829,-87.6240323,20864.33159,10475871.45,60616,2014-2018,54464,32879,12902,8683,0.159426,0.241627,0.084459,0.248458,0.404451,0.537174,0.265904,0.12671,0.043156,0.419861,125,191,772,45997,0.190952,0.196257,0.550896,0.027304,0.022899,0.101464,0.025885,0.028433,0.14911,0.286303,0.562826,0.001312,0.091519,0.198141,251,1229,0.204231,G60616,2015-2019,US,60616,86000US60616,ZCTA5 60616,10481,5530,3016,502,1060,378,574,4951,2878,808,1210,0,55,6163,2195,1307,328,325,30,205,3968,2155,612,1095,0,106,2398,1193,504,87,224,179,199,1205,545,203,391,16,50,ZCTA5 60616,871,641,550,199,253,121,184,578,452,312,281,27,45,794,495,452,154,171,21,116,642,535,178,505,27,70,461,323,250,45,113,89,95,358,225,118,199,27,41,23203,832,3.585743
60617,60617,B5,G6350,S,35874528,3883219,41.7182009,-87.5520495,31647.58589,36884655.82,60617,2014-2018,82534,49555,20188,12791,0.154979,0.063186,0.37656,0.553651,0.002011,0.699459,0.247851,0.022112,0.025205,0.15975,258,350,1421,40265,0.082439,0.30591,0.358929,0.057073,0.052511,0.059752,0.071173,0.067218,0.574233,0.383707,0.040894,0.000758,0.097904,0.292891,522,2399,0.217591,G60617,2015-2019,US,60617,86000US60617,ZCTA5 60617,11787,6718,914,1386,603,1444,2371,5069,1404,1423,1404,40,798,18350,7729,1622,2275,1282,576,1974,10621,3080,3487,3124,18,912,12023,6781,932,1201,611,1672,2365,5242,1353,1630,1418,40,801,ZCTA5 60617,775,547,170,285,159,255,330,416,213,257,263,33,189,1004,568,339,417,286,253,360,788,426,457,471,30,282,727,497,188,263,150,263,348,448,221,268,257,33,189,27752,1024,3.689824
60618,60618,B5,G6350,S,12942883,165560,41.9475679,-87.7026468,17474.05781,13108429.55,60618,2014-2018,94395,64870,20999,8526,0.090323,0.482579,0.404174,0.021135,0.060628,0.573671,0.290961,0.056012,0.068173,0.468628,167,292,1117,73810,0.149785,0.101935,0.510628,0.015575,0.013886,0.080937,0.032672,0.035549,0.256726,0.612598,0.128676,0.0016,0.140248,0.178764,536,2205,0.243084,G60618,2015-2019,US,60618,86000US60618,ZCTA5 60618,42923,23058,10255,4077,3623,1923,3180,19865,10345,3203,4843,138,1336,1680,1022,470,172,172,67,141,658,244,168,246,0,0,19082,11548,2284,3194,1505,1950,2615,7534,1761,2234,2177,146,1216,ZCTA5 60618,1585,1147,561,587,382,377,468,770,526,408,362,93,255,296,241,182,86,86,61,71,165,93,100,104,27,27,1134,879,314,559,272,381,497,597,298,417,287,108,247,35533,1056,2.971885
60619,60619,B5,G6350,S,15595536,0,41.7436926,-87.6055232,19478.07426,15595517.9,60619,2014-2018,61258,33155,17693,10410,0.169937,0.013941,0.014186,0.956136,0.003151,0.638461,0.280644,0.017053,0.053887,0.227622,296,396,1342,33454,0.006856,0.35313,0.388358,0.074721,0.064705,0.051546,0.054145,0.056701,0.401949,0.484256,0.113238,0.000557,0.101698,0.382862,581,2313,0.251189,G60619,2015-2019,US,60619,86000US60619,ZCTA5 60619,542,285,49,72,0,68,96,257,78,65,102,0,12,23423,10491,2321,2961,1871,913,2425,12932,4248,3647,3706,45,1286,398,244,24,36,98,45,41,154,49,56,17,0,32,ZCTA5 60619,257,157,61,89,27,75,76,154,71,48,87,27,18,1122,770,384,416,345,242,403,784,473,544,547,47,310,230,204,30,42,139,42,58,86,53,43,22,27,32,25789,778,3.01679
60620,60620,B5,G6350,S,18349458,10662,41.7404975,-87.6525582,22078.11823,18360124.49,60620,2014-2018,68096,37715,18539,11842,0.173902,0.011087,0.013378,0.962494,0.003994,0.669552,0.26466,0.009229,0.041694,0.162797,333,463,1306,35890,0.006829,0.325568,0.396955,0.082861,0.057115,0.059124,0.039362,0.093104,0.514945,0.382119,0.101488,0.001448,0.098514,0.414596,700,2585,0.270793,G60620,2015-2019,US,60620,86000US60620,ZCTA5 60620,571,306,86,40,62,0,118,265,37,107,56,0,65,24048,10239,1916,2645,1411,746,3521,13809,3736,4294,4350,79,1350,479,238,60,79,31,19,49,241,32,143,51,0,15,ZCTA5 60620,171,127,65,35,56,27,92,101,30,79,49,27,61,1290,713,392,418,342,229,385,956,452,550,565,81,311,209,99,58,58,24,25,45,144,27,135,39,27,21,25623,598,2.333841
60621,60621,B5,G6350,S,9656673,0,41.7763818,-87.6395712,14937.06421,9656666.595,60621,2014-2018,29042,17852,7262,3928,0.135252,0.011019,0.036533,0.942704,0.002617,0.512167,0.414575,0.024846,0.033043,0.089099,128,198,606,20991,0.017389,0.520917,0.345682,0.087709,0.062561,0.075074,0.067345,0.06526,0.247586,0.547366,0.198998,0.003484,0.126259,0.526606,301,1034,0.291103,G60621,2015-2019,US,60621,86000US60621,ZCTA5 60621,164,112,0,47,0,40,25,52,1,25,1,0,25,7678,3245,453,1050,493,396,853,4433,1041,1850,1104,0,438,201,139,21,40,0,67,11,62,30,0,15,0,17,ZCTA5 60621,76,72,21,37,21,36,28,38,2,29,4,21,24,530,358,133,210,138,159,177,383,194,252,228,21,145,101,82,22,36,21,55,22,55,45,21,23,21,21,11047,466,4.21834
60622,60622,B5,G6350,S,6398118,10221,41.902172,-87.6833374,16827.64494,6408346.307,60622,2014-2018,52793,41969,7705,3119,0.05908,0.646752,0.219328,0.061182,0.042676,0.457518,0.344092,0.097471,0.077646,0.691953,143,201,838,93988,0.067111,0.097736,0.608907,0.013408,0.00962,0.057059,0.0115,0.023139,0.134594,0.75888,0.103847,0.002368,0.063135,0.129346,308,1468,0.209809,G60622,2015-2019,US,60622,86000US60622,ZCTA5 60622,30992,16413,9711,1446,3210,840,1206,14579,9324,1946,2950,39,320,1884,1113,616,130,221,62,84,771,396,168,157,0,50,6155,3362,1015,567,571,545,664,2793,1130,683,863,32,85,ZCTA5 60622,937,697,525,316,350,187,251,620,511,350,341,28,97,337,262,225,86,98,44,60,215,166,66,78,27,42,658,456,200,251,170,181,234,402,175,259,236,29,61,23600,661,2.800847
60623,60623,B5,G6350,S,13911298,224875,41.8488968,-87.7176611,19178.64399,14136185.8,60623,2014-2018,85979,60250,17924,7805,0.090778,0.02917,0.661371,0.303539,0.000884,0.685552,0.218752,0.058719,0.031486,0.098409,242,469,1176,31634,0.220472,0.394601,0.293095,0.044653,0.0186,0.085204,0.078378,0.042367,0.189393,0.772537,0.036224,0.001846,0.213823,0.419796,1285,2709,0.474345,G60623,2015-2019,US,60623,86000US60623,ZCTA5 60623,11586,7098,846,1737,705,1354,2456,4488,1187,1139,1234,31,897,8297,3288,508,765,694,214,1107,5009,1338,1624,1447,28,572,21798,13624,1070,3045,1563,3081,4865,8174,1581,2155,2394,116,1928,ZCTA5 60623,903,608,203,258,183,300,349,508,235,240,224,28,195,622,393,143,205,186,100,279,473,255,243,279,27,172,1182,830,232,360,312,453,443,658,272,316,338,82,292,24958,2814,11.274942
60624,60624,B5,G6350,S,9155265,14139,41.8805038,-87.7244439,14615.16975,9169410.06,60624,2014-2018,36158,24567,7669,3922,0.108468,0.027352,0.052962,0.903728,0.003125,0.531102,0.384704,0.022471,0.030765,0.086758,196,290,902,22992,0.018032,0.535204,0.362294,0.100803,0.05157,0.070721,0.04886,0.067171,0.128692,0.706261,0.163374,0.001673,0.120378,0.423802,430,1457,0.295127,G60624,2015-2019,US,60624,86000US60624,ZCTA5 60624,561,285,75,72,36,61,41,276,120,52,85,0,19,9601,3929,493,1009,627,258,1542,5672,1169,1888,1873,41,701,651,325,17,87,7,154,60,326,85,140,85,0,16,ZCTA5 60624,162,92,50,46,22,57,33,99,60,49,47,24,23,805,533,135,223,195,123,373,563,183,317,348,38,139,235,149,17,72,10,135,39,114,41,100,40,24,18,11912,762,6.396911
60625,60625,B5,G6350,S,10035096,87870,41.9730757,-87.700362,18353.01175,10122956.43,60625,2014-2018,79243,54525,17143,7575,0.095592,0.455384,0.327827,0.047134,0.128907,0.52817,0.329709,0.071038,0.056592,0.482568,160,306,991,64117,0.175599,0.133505,0.466568,0.031851,0.011417,0.082363,0.036696,0.046071,0.169439,0.603517,0.226369,0.000675,0.137415,0.183662,596,1824,0.326754,G60625,2015-2019,US,60625,86000US60625,ZCTA5 60625,30692,16334,7734,2693,2373,1077,2457,14358,8377,2265,3042,12,662,1962,1165,388,178,340,11,248,797,485,155,107,5,45,13231,8096,1248,2437,969,1374,2068,5135,1426,1420,1447,12,830,ZCTA5 60625,1253,855,446,455,317,276,473,796,546,286,337,19,223,402,275,129,97,171,17,116,203,151,70,82,8,50,1150,842,269,459,219,315,389,641,269,275,315,19,256,29157,1603,5.497822
60626,60626,B5,G6350,S,4415535,1192512,42.0100191,-87.6670946,11092.43332,4415533.474,60626,2014-2018,49730,33193,11506,5031,0.101166,0.451317,0.206153,0.247416,0.058697,0.412385,0.4115,0.099178,0.059418,0.467242,118,255,906,40591,0.152725,0.192889,0.442474,0.032053,0.018202,0.101527,0.033504,0.057254,0.07286,0.371263,0.554469,0.001409,0.13441,0.232591,512,1664,0.307692,G60626,2015-2019,US,60626,86000US60626,ZCTA5 60626,17290,9079,4359,1677,1486,628,929,8211,4546,1799,1563,34,269,6205,3271,812,765,522,43,1129,2934,923,926,827,9,249,5236,3112,590,1135,427,449,511,2124,638,697,648,0,141,ZCTA5 60626,905,677,431,327,250,191,233,590,439,269,230,31,114,739,491,233,225,214,70,269,493,265,229,240,17,143,727,530,187,313,180,174,217,322,176,151,206,27,78,22314,1439,6.448866
60628,60628,B5,G6350,S,28281720,194243,41.6908748,-87.615773,31111.557,28475951.21,60628,2014-2018,66724,38297,17155,11272,0.168935,0.019198,0.03435,0.932078,0.001843,0.68019,0.263563,0.015166,0.029016,0.188778,276,385,1298,40261,0.012829,0.365324,0.410436,0.071709,0.068736,0.035132,0.044833,0.06886,0.675914,0.260412,0.055937,0.007737,0.088447,0.324622,624,2264,0.275618,G60628,2015-2019,US,60628,86000US60628,ZCTA5 60628,1406,740,173,137,63,116,251,666,186,115,254,14,97,22517,9709,2052,2468,1310,807,3072,12808,3653,3556,4359,157,1083,1028,577,32,91,78,115,261,451,96,43,181,9,122,ZCTA5 60628,275,180,97,72,41,64,107,158,74,61,89,15,47,1033,592,333,391,264,233,381,725,440,467,437,95,231,197,141,32,65,66,55,105,116,62,34,69,13,45,23528,623,2.647909
60629,60629,B5,G6350,S,17617067,161566,41.7758678,-87.7114956,22654.5936,17778624.52,60629,2014-2018,111850,77881,22842,11127,0.099481,0.08228,0.710165,0.195485,0.003612,0.761762,0.180401,0.03698,0.017168,0.091814,230,493,1283,42019,0.194099,0.289188,0.300504,0.036032,0.032127,0.091544,0.066539,0.070755,0.553518,0.400197,0.043084,0.003202,0.151034,0.318692,1225,2871,0.426681,G60629,2015-2019,US,60629,86000US60629,ZCTA5 60629,19629,11552,1473,2727,1359,2392,3601,8077,2320,1767,2393,63,1534,7756,3032,369,1090,541,135,897,4724,1145,1654,1497,13,415,33786,20262,1995,4446,2092,4581,7148,13524,2892,3454,4422,101,2655,ZCTA5 60629,1257,852,281,386,309,434,540,648,281,305,315,58,370,700,455,131,262,190,77,245,457,223,309,262,21,167,1733,1091,315,487,376,589,688,1052,401,537,523,74,400,30979,2226,7.185513
60630,60630,B5,G6350,S,12365865,3028,41.9720714,-87.7565695,21005.25769,12368903.97,60630,2014-2018,57344,32099,16507,8738,0.152379,0.561244,0.27914,0.014404,0.111869,0.740937,0.206349,0.019616,0.026547,0.368275,99,171,907,72092,0.106393,0.111063,0.481714,0.033327,0.039782,0.038971,0.040087,0.048232,0.479394,0.434339,0.085119,0.000618,0.10169,0.183801,343,1532,0.22389,G60630,2015-2019,US,60630,86000US60630,ZCTA5 60630,21544,11585,4255,1633,1806,1813,2078,9959,4726,1939,2676,29,589,508,305,82,99,54,22,48,203,67,46,65,0,25,8193,4167,906,759,670,803,1029,4026,1477,898,1252,40,359,ZCTA5 60630,1143,738,420,263,313,300,323,625,364,366,303,27,153,157,113,47,81,43,34,39,89,50,38,46,27,39,914,591,162,312,199,208,252,523,273,231,263,46,128,20854,635,3.044979
60631,60631,B5,G6350,S,9638688,0,41.9948559,-87.8130024,25051.74047,9638672.689,60631,2014-2018,29529,15693,8367,5469,0.185208,0.821328,0.106743,0.01507,0.029327,0.825697,0.107355,0.019081,0.037766,0.434938,70,96,732,91034,0.031325,0.041775,0.541975,0.015465,0.102079,0.036062,0.008187,0.048148,0.654246,0.184575,0.161179,0,0.021503,0.2202,131,1111,0.117912,G60631,2015-2019,US,60631,86000US60631,ZCTA5 60631,14194,7457,2859,1699,1090,879,930,6737,3407,933,2108,0,289,94,45,15,28,0,0,2,49,36,13,0,0,0,1530,845,238,213,151,80,163,685,326,155,172,0,32,ZCTA5 60631,746,416,300,257,209,229,233,510,338,262,247,21,160,69,35,25,31,21,21,4,42,36,24,21,21,21,276,183,101,93,95,72,108,156,117,94,84,21,38,11596,68,0.586409
60632,60632,B5,G6350,S,19250522,123030,41.8101664,-87.7132518,22382.63963,19373567.32,60632,2014-2018,91039,63961,18376,8702,0.095585,0.08783,0.839574,0.011039,0.056492,0.730279,0.208628,0.041259,0.013258,0.102687,151,382,1070,42758,0.254913,0.254555,0.304411,0.027855,0.017131,0.102013,0.078473,0.051601,0.41334,0.569831,0.014621,0.002208,0.180299,0.294847,1115,2434,0.458094,G60632,2015-2019,US,60632,86000US60632,ZCTA5 60632,19388,11681,1739,2690,1523,2451,3278,7707,1579,2258,2745,25,1100,706,401,84,56,18,0,243,305,77,49,140,0,39,31185,18817,1793,4282,2392,3914,6436,12368,2280,3355,4285,68,2380,ZCTA5 60632,1262,857,212,320,280,366,461,699,237,310,406,25,234,299,194,71,58,20,27,129,161,40,49,118,27,42,1291,855,236,406,355,462,574,857,320,342,490,45,421,24405,3057,12.526122
60633,60633,B5,G6350,S,26638667,5008815,41.6637834,-87.5613138,31413.83776,31647473.57,60633,2014-2018,12871,7491,3704,1676,0.130215,0.314505,0.449848,0.232072,0,0.839423,0.099119,0.031291,0.020423,0.149257,26,45,175,47083,0.064797,0.191585,0.430845,0.019393,0.060556,0.068057,0.036041,0.055434,0.68589,0.23087,0.033408,0.049832,0.122695,0.275523,158,972,0.162551,G60633,2015-2019,US,60633,86000US60633,ZCTA5 60633,3671,2172,560,336,352,398,526,1499,542,221,585,0,151,1341,565,14,91,186,9,265,776,337,115,206,0,118,2749,1771,421,293,217,346,494,978,263,212,422,0,81,ZCTA5 60633,605,436,204,174,172,172,192,290,166,148,196,18,91,292,196,15,49,171,14,117,160,110,49,86,18,99,543,408,190,166,135,167,179,256,123,149,195,18,59,4721,121,2.563016
60634,60634,B5,G6350,S,18422451,24085,41.9461885,-87.8061174,25706.3245,18446530.15,60634,2014-2018,75995,44068,20510,11417,0.150234,0.540299,0.382459,0.017593,0.053188,0.834355,0.104676,0.023809,0.021827,0.25051,187,342,1764,66741,0.152813,0.095191,0.43501,0.038703,0.03829,0.050692,0.069077,0.047005,0.642377,0.275982,0.075522,0.005872,0.113767,0.254135,634,3030,0.209241,G60634,2015-2019,US,60634,86000US60634,ZCTA5 60634,29478,16211,4157,2843,2116,3341,3754,13267,4993,3836,3610,111,717,763,471,166,22,143,13,127,292,110,80,79,0,23,14698,7910,1758,1611,1290,1236,2015,6788,2090,1935,2093,41,629,ZCTA5 60634,1058,759,472,372,254,366,463,727,452,437,371,72,148,254,169,100,25,93,21,115,133,85,59,64,27,33,934,580,310,275,287,312,371,610,275,332,352,51,187,25559,910,3.56039
60636,60636,B5,G6350,S,10132439,0,41.7757391,-87.669064,14909.53507,10132443.39,60636,2014-2018,32203,18108,7901,6194,0.192342,0.010496,0.076763,0.898395,0.000404,0.642366,0.278293,0.028702,0.037106,0.093039,156,224,587,27310,0.027699,0.443591,0.347243,0.09389,0.0429,0.073238,0.067383,0.070045,0.522318,0.437394,0.038386,0.001902,0.105795,0.492226,372,1002,0.371257,G60636,2015-2019,US,60636,86000US60636,ZCTA5 60636,657,456,80,107,13,117,139,201,45,54,30,0,72,7448,3071,436,829,375,342,1089,4377,932,1655,1340,23,427,983,673,57,169,31,225,191,310,54,114,83,6,53,ZCTA5 60636,160,136,55,59,13,56,89,77,33,42,18,24,51,677,341,129,166,127,152,250,476,216,255,246,34,127,226,156,44,71,31,97,91,109,36,62,53,9,42,11258,435,3.863919
60637,60637,B5,G6350,S,11729658,1853047,41.7816213,-87.5998763,18401.79508,11977232.73,60637,2014-2018,47454,31750,10241,5463,0.115122,0.144519,0.028259,0.757597,0.044865,0.416595,0.33769,0.173098,0.057761,0.334896,163,229,1056,28785,0.042251,0.388779,0.473026,0.059843,0.046564,0.048767,0.047993,0.040431,0.140849,0.55216,0.305602,0.001389,0.071315,0.337978,330,1877,0.175812,G60637,2015-2019,US,60637,86000US60637,ZCTA5 60637,3530,1846,1366,191,204,52,33,1684,1234,141,267,11,31,12071,4212,1005,1012,828,187,1180,7859,2572,2349,2370,40,528,687,339,208,41,24,40,26,348,213,29,106,0,0,ZCTA5 60637,270,193,148,92,81,46,22,173,134,68,89,16,31,674,432,223,206,192,89,224,561,307,354,329,41,150,161,107,85,31,23,48,39,99,78,29,61,24,24,18877,662,3.506913
60638,60638,B5,G6350,S,28764922,0,41.7814302,-87.7705205,24817.02696,28764929.77,60638,2014-2018,58797,35382,15176,8239,0.140126,0.4356,0.517713,0.029491,0.005391,0.831466,0.126632,0.023596,0.01361,0.196337,123,217,984,67984,0.083865,0.120897,0.399755,0.024453,0.070004,0.049699,0.057453,0.054964,0.768938,0.198113,0.029428,0.003051,0.086705,0.271647,518,1980,0.261616,G60638,2015-2019,US,60638,86000US60638,ZCTA5 60638,20811,11253,2524,2705,1433,2081,2510,9558,3587,2162,3088,82,639,767,377,86,54,75,48,114,390,151,67,155,0,17,13175,7293,1386,1700,1138,1290,1779,5882,1729,1610,2085,42,416,ZCTA5 60638,997,635,352,455,304,316,310,584,324,367,332,67,178,177,120,67,42,61,67,62,121,90,48,58,27,17,913,565,266,403,267,285,291,480,270,323,290,45,114,19865,652,3.282155
60639,60639,B5,G6350,S,12632837,0,41.9205526,-87.7560542,20350.40238,12632823.52,60639,2014-2018,90517,61295,21085,8137,0.089895,0.067435,0.779279,0.129114,0.015213,0.73201,0.180192,0.042848,0.020287,0.125323,204,485,1324,44150,0.220334,0.262104,0.332179,0.035223,0.024524,0.081867,0.076673,0.043422,0.326466,0.623658,0.048722,0.001154,0.185561,0.33379,1274,3062,0.416068,G60639,2015-2019,US,60639,86000US60639,ZCTA5 60639,19132,11047,1663,2483,1702,1666,3533,8085,1719,2466,2624,11,1265,5172,1971,360,507,394,193,517,3201,988,986,1105,9,113,32836,18978,1874,4010,2760,3722,6612,13858,2516,4039,4268,20,3015,ZCTA5 60639,1229,825,277,351,244,323,504,669,273,365,401,19,238,659,425,161,204,164,87,175,450,229,263,251,15,73,1320,912,324,507,425,489,652,798,351,479,472,25,397,25457,2037,8.001728
60640,60640,B5,G6350,S,6247489,642403,41.9728721,-87.6626039,11957.6724,6247482.056,60640,2014-2018,69715,43449,17279,8987,0.128911,0.553023,0.142566,0.165875,0.1087,0.393921,0.450625,0.07222,0.066567,0.55887,134,260,899,53831,0.114423,0.174068,0.553672,0.026219,0.008973,0.070966,0.028614,0.037781,0.072758,0.343943,0.581961,0.001337,0.096158,0.229832,453,1716,0.263986,G60640,2015-2019,US,60640,86000US60640,ZCTA5 60640,30170,16627,10220,2381,2494,532,1000,13543,8735,1859,2775,33,141,4989,2496,903,508,350,11,724,2493,622,1074,555,0,242,5440,3461,1066,1235,215,242,703,1979,677,613,564,1,124,ZCTA5 60640,1044,750,639,426,301,172,367,854,605,320,352,31,73,711,400,278,192,134,29,208,510,190,272,188,27,122,686,525,206,309,83,105,323,355,195,209,171,11,82,34543,1387,4.015285
60641,60641,B5,G6350,S,10468072,0,41.9466057,-87.7467867,16942.05816,10468067.57,60641,2014-2018,71023,44539,18579,7905,0.111302,0.366191,0.539966,0.01905,0.045267,0.703483,0.209947,0.028505,0.041595,0.296219,118,254,993,60073,0.173479,0.128608,0.436694,0.029575,0.021422,0.077267,0.05915,0.054354,0.369238,0.496707,0.132299,0.001098,0.157202,0.23235,548,1959,0.279735,G60641,2015-2019,US,60641,86000US60641,ZCTA5 60641,25419,13502,4151,2216,1973,1862,3300,11917,4863,2696,3561,4,793,981,476,304,65,51,7,49,505,214,149,73,0,69,18933,10666,1906,2496,1356,1732,3176,8267,1999,2190,2825,11,1242,ZCTA5 60641,947,682,368,332,288,305,328,571,394,325,363,6,196,202,142,115,47,40,10,39,133,92,77,69,27,49,774,532,302,315,240,345,364,554,243,268,352,13,291,24671,1060,4.296542
60642,60642,B5,G6350,S,4281345,207462,41.9020418,-87.6585438,11660.21101,4488802.842,60642,2014-2018,20201,15675,3204,1322,0.065442,0.600267,0.201673,0.101233,0.069799,0.422813,0.383198,0.103123,0.066279,0.712547,31,38,284,101939,0.073165,0.092195,0.687347,0.004091,0.004159,0.044178,0.00525,0.017657,0.092442,0.587197,0.320361,0,0.062373,0.132894,73,499,0.146293,G60642,2015-2019,US,60642,86000US60642,ZCTA5 60642,11613,6294,4109,289,1538,140,218,5319,3686,398,1082,16,137,956,491,279,14,71,20,107,465,137,37,167,0,124,1819,1052,530,181,175,10,156,767,358,159,192,0,58,ZCTA5 60642,663,579,406,109,298,75,94,343,298,136,204,26,79,220,168,138,24,62,34,76,152,70,38,91,18,88,295,212,140,77,127,16,80,174,133,90,67,18,47,9185,227,2.471421
60643,60643,B5,G6350,S,19029085,32576,41.7002727,-87.6632674,26732.98206,19061649.99,60643,2014-2018,49870,26061,14656,9153,0.183537,0.203289,0.033066,0.733367,0.003629,0.712053,0.210979,0.019437,0.050547,0.372342,228,325,1022,64477,0.008061,0.164213,0.458123,0.034929,0.075378,0.043828,0.039545,0.03393,0.795366,0.136691,0.065475,0.002468,0.057116,0.268429,482,2021,0.238496,G60643,2015-2019,US,60643,86000US60643,ZCTA5 60643,5487,2869,1398,537,416,342,176,2618,1736,342,495,10,35,14531,6369,1685,1568,1048,613,1455,8162,3265,2121,2215,13,548,714,406,140,105,9,131,21,308,150,69,62,0,27,ZCTA5 60643,403,255,172,135,116,105,87,230,193,113,114,17,40,930,669,323,300,284,222,304,596,328,380,378,20,194,219,133,63,64,15,88,24,120,77,64,58,24,31,17919,154,0.859423
60644,60644,B5,G6350,S,9074673,24575,41.8800843,-87.7563733,12931.32129,9099238.195,60644,2014-2018,47712,30008,11503,6201,0.129967,0.029175,0.064302,0.895184,0.001886,0.554639,0.374039,0.035413,0.020218,0.112752,240,349,1000,27262,0.016516,0.42169,0.36396,0.110004,0.055334,0.067355,0.059925,0.074906,0.181168,0.646116,0.168672,0.002904,0.137841,0.467042,599,1832,0.326965,G60644,2015-2019,US,60644,86000US60644,ZCTA5 60644,1182,645,214,152,93,91,95,537,250,88,74,0,125,14380,5525,809,1592,785,279,2060,8855,1572,2976,3077,22,1208,1431,783,138,220,124,86,215,648,119,233,105,0,191,ZCTA5 60644,322,182,96,86,75,67,52,184,117,60,60,24,94,1050,614,231,303,200,116,426,780,285,471,418,25,322,355,220,75,124,82,60,97,225,77,120,60,24,109,16490,886,5.372953
60645,60645,B5,G6350,S,5847015,0,42.0085584,-87.6947354,11203.14077,5847012.162,60645,2014-2018,47732,30039,11129,6564,0.137518,0.450034,0.170263,0.170452,0.1627,0.6515,0.217362,0.071739,0.044526,0.435546,305,433,1239,53340,0.195969,0.204983,0.444194,0.041645,0.014616,0.087507,0.041741,0.077539,0.286246,0.401434,0.308317,0.003002,0.123491,0.213965,638,1946,0.327852,G60645,2015-2019,US,60645,86000US60645,ZCTA5 60645,11266,6568,3060,942,988,790,788,4698,2785,590,1093,47,183,3434,1970,504,453,199,84,730,1464,526,535,278,0,125,3643,2165,267,712,339,540,307,1478,283,745,359,0,91,ZCTA5 60645,864,631,344,252,237,319,196,416,303,155,224,57,124,548,449,189,218,114,49,273,254,142,201,137,24,81,621,453,115,234,183,295,130,316,130,240,131,24,87,16074,1106,6.880677
60646,60646,B5,G6350,S,11840699,0,41.9930193,-87.7596273,24679.04744,11840707.5,60646,2014-2018,27987,14578,7677,5732,0.204809,0.725873,0.141887,0.010576,0.103262,0.809602,0.117933,0.020939,0.043823,0.512391,55,80,565,89480,0.050488,0.076027,0.516869,0.018694,0.067402,0.013729,0.015116,0.03403,0.698066,0.214676,0.086391,0.000867,0.060506,0.185528,199,1120,0.177679,G60646,2015-2019,US,60646,86000US60646,ZCTA5 60646,11640,5969,2840,866,707,824,732,5671,3106,727,1469,56,313,92,45,45,0,0,0,0,47,25,0,22,0,0,1990,1071,318,147,135,223,248,919,417,150,232,0,120,ZCTA5 60646,745,497,344,164,177,243,234,412,319,177,291,58,172,75,42,42,21,21,21,21,46,25,21,36,21,21,561,375,183,75,71,114,170,267,155,87,134,21,151,10676,273,2.557138
60647,60647,B5,G6350,S,10410316,89620,41.9212149,-87.7010284,19015.82854,10499943.5,60647,2014-2018,87509,65277,16008,6224,0.071124,0.443486,0.448251,0.054372,0.029574,0.500038,0.337791,0.083932,0.06023,0.522355,116,222,1091,73443,0.107326,0.12217,0.524537,0.018986,0.014783,0.071778,0.025531,0.023337,0.169249,0.63685,0.189607,0.002406,0.1061,0.211989,522,2153,0.242452,G60647,2015-2019,US,60647,86000US60647,ZCTA5 60647,44149,23203,11832,3164,3866,1493,2848,20946,11877,3093,4853,53,1070,2632,1372,601,304,227,61,179,1260,427,336,388,12,97,18205,9743,1865,2561,1533,1097,2687,8462,2447,2235,2652,48,1080,ZCTA5 60647,1149,916,568,354,357,293,348,698,531,342,394,39,231,357,268,212,112,94,46,99,210,88,129,122,18,53,1009,630,236,334,230,240,369,581,299,335,300,65,239,34086,1330,3.901895
60649,60649,B5,G6350,S,7586746,2576180,41.7634204,-87.5658787,15292.4981,7734206.939,60649,2014-2018,46024,27314,12140,6570,0.142752,0.028572,0.025704,0.925561,0.003933,0.485262,0.432351,0.025449,0.044913,0.247445,184,270,1085,30222,0.021054,0.373046,0.429898,0.084664,0.07024,0.038851,0.035093,0.055485,0.139708,0.497728,0.361851,0.000714,0.095811,0.369291,466,1833,0.254228,G60649,2015-2019,US,60649,86000US60649,ZCTA5 60649,832,372,188,90,64,16,14,460,191,96,164,0,9,17913,7247,1557,1906,1312,265,2207,10666,3802,3392,2703,0,769,508,191,36,48,52,1,54,317,72,58,171,0,16,ZCTA5 60649,202,119,104,75,55,26,15,161,91,80,119,24,14,1107,799,300,380,331,134,504,784,517,442,442,24,234,216,120,41,49,42,12,76,145,62,51,117,24,25,20735,678,3.269834
60651,60651,B5,G6350,S,9052862,0,41.9020934,-87.7408565,16998.89637,9052873.672,60651,2014-2018,63218,41626,14372,7220,0.114208,0.041491,0.424879,0.512038,0.00484,0.690017,0.223903,0.033041,0.037559,0.140598,226,357,1057,38083,0.104559,0.362896,0.359073,0.0739,0.026371,0.093745,0.054826,0.067336,0.277166,0.671235,0.047237,0.003129,0.159765,0.401822,693,2048,0.338379,G60651,2015-2019,US,60651,86000US60651,ZCTA5 60651,6167,3444,566,1134,487,489,768,2723,767,697,897,21,341,12493,5076,1066,1191,799,344,1676,7417,1800,2584,2033,0,1000,12010,6863,782,1972,798,1214,2097,5147,897,1618,1806,50,776,ZCTA5 60651,703,439,203,268,146,176,215,422,158,180,246,34,143,833,422,267,258,203,128,329,603,326,424,312,27,258,1181,798,250,467,228,263,407,660,233,396,362,57,201,19080,1292,6.771488
60652,60652,B5,G6350,S,12987856,0,41.7479319,-87.7147951,19513.02882,12987854.11,60652,2014-2018,43907,27514,11653,4740,0.107955,0.101852,0.398091,0.468946,0.008495,0.827731,0.142125,0.002124,0.019837,0.206086,140,219,632,68425,0.094768,0.173298,0.418588,0.043127,0.071429,0.052461,0.039832,0.067336,0.848159,0.092843,0.058998,0,0.084445,0.228871,384,1248,0.307692,G60652,2015-2019,US,60652,86000US60652,ZCTA5 60652,5277,3010,430,462,537,635,946,2267,613,540,796,10,308,9816,4000,891,1161,492,314,1142,5816,2124,1326,2114,29,223,7701,4615,428,765,741,1234,1447,3086,793,690,1135,23,445,ZCTA5 60652,659,434,129,124,183,207,211,335,161,148,201,16,112,564,413,220,207,184,156,278,481,305,299,403,31,126,550,415,155,200,212,261,222,343,175,146,259,30,141,13131,410,3.122382
60653,60653,B5,G6350,S,6041422,1696670,41.8199645,-87.6059654,12444.64981,6041419.148,60653,2014-2018,31972,20511,7339,4122,0.128925,0.042975,0.02155,0.903165,0.013355,0.573562,0.293403,0.044204,0.06386,0.331793,135,204,798,29569,0.016514,0.397461,0.480543,0.063676,0.043415,0.05636,0.022833,0.049606,0.185019,0.405487,0.409494,0,0.061803,0.321647,301,1221,0.246519,G60653,2015-2019,US,60653,86000US60653,ZCTA5 60653,1065,568,390,42,56,45,35,497,359,44,94,0,0,11526,4618,1690,1045,686,294,903,6908,2653,1943,1841,22,449,424,184,45,47,16,47,29,240,146,31,63,0,0,ZCTA5 60653,189,130,114,29,36,42,30,124,94,37,58,24,24,662,405,231,241,194,121,216,478,267,320,290,22,128,141,75,45,36,18,43,31,97,79,31,54,24,24,13892,364,2.620213
60654,60654,B5,G6350,S,1464803,113470,41.8918225,-87.6383036,6379.999862,1578277.365,60654,2014-2018,19135,14016,3992,1127,0.058897,0.738124,0.052103,0.053724,0.124797,0.245298,0.14639,0.44875,0.097147,0.853717,42,78,275,112699,0.057068,0.031074,0.784054,0.00119,0.00182,0.014,0.0063,0.01099,0.041988,0.026403,0.930625,0.000984,0.018918,0.081289,92,486,0.1893,G60654,2015-2019,US,60654,86000US60654,ZCTA5 60654,12039,6354,4657,89,1327,41,240,5685,4298,216,1044,0,127,692,353,143,81,102,10,17,339,310,18,11,0,0,913,467,317,18,88,0,44,446,208,30,170,0,38,ZCTA5 60654,661,560,512,83,330,40,113,477,435,169,264,21,141,281,219,98,92,164,21,27,164,163,29,18,21,21,346,243,226,28,74,21,51,213,104,35,181,21,62,11526,167,1.448898
60655,60655,B5,G6350,S,11408006,0,41.6947762,-87.7037764,22196.75568,11408022.21,60655,2014-2018,28804,16965,8108,3731,0.129531,0.826101,0.082975,0.066414,0.014616,0.854966,0.081758,0.022997,0.028217,0.43967,96,130,649,97572,0.013193,0.03333,0.435636,0.014119,0.182244,0.02879,0.023418,0.029203,0.863973,0.07518,0.060292,0.000555,0.027184,0.16362,170,1088,0.15625,G60655,2015-2019,US,60655,86000US60655,ZCTA5 60655,13012,7104,1722,2711,937,858,876,5908,3116,934,1730,10,118,1142,440,77,100,124,29,110,702,373,112,178,0,39,1121,729,126,312,143,13,135,392,144,123,117,0,8,ZCTA5 60655,587,439,229,286,177,176,195,334,293,176,249,12,64,280,157,45,66,99,24,87,203,122,81,86,21,32,175,139,48,94,80,17,64,117,82,77,60,21,15,10078,193,1.915063
60656,60656,B5,G6350,S,8465225,0,41.97428,-87.8271283,28416.70445,8465221.962,60656,2014-2018,27579,15387,7555,4637,0.168135,0.763371,0.12263,0.011784,0.07299,0.814563,0.131484,0.010472,0.033634,0.382404,59,89,647,61599,0.152761,0.087525,0.461408,0.016676,0.065206,0.049279,0.051457,0.10196,0.475945,0.258791,0.265263,0,0.098517,0.233372,140,975,0.14359,G60656,2015-2019,US,60656,86000US60656,ZCTA5 60656,12781,7278,2022,1152,1005,1044,2055,5503,2125,1517,1566,0,295,239,109,36,0,0,20,53,130,53,0,77,0,0,2000,1085,290,240,276,62,217,915,400,229,286,0,0,ZCTA5 60656,801,554,345,242,229,211,368,463,336,298,277,21,152,122,80,55,21,21,31,49,100,72,21,72,21,21,438,256,153,117,140,44,104,286,169,142,148,21,21,11887,217,1.825524
60657,60657,B5,G6350,S,5888324,2025836,41.9402931,-87.6468523,19097.12822,5998167.358,60657,2014-2018,70052,52841,11593,5618,0.080198,0.805002,0.069962,0.025281,0.068977,0.324064,0.515307,0.072115,0.068385,0.822785,134,159,908,92295,0.062868,0.028779,0.700862,0.007037,0.009784,0.040659,0.003894,0.0152,0.121239,0.338448,0.539385,0.000928,0.034748,0.092071,211,1486,0.141992,G60657,2015-2019,US,60657,86000US60657,ZCTA5 60657,44291,22406,14993,1457,4478,480,998,21885,14991,2249,4374,10,261,1477,823,543,47,213,0,20,654,449,24,151,0,30,3497,1697,887,203,297,38,272,1800,1067,277,391,16,49,ZCTA5 60657,1184,881,721,274,419,153,250,833,708,366,458,16,98,271,232,159,48,150,27,30,175,144,24,97,27,33,511,272,190,104,131,29,111,355,302,135,135,19,45,36872,618,1.676069
60659,60659,B5,G6350,S,5251087,2818,41.9914885,-87.7039859,12947.04112,5253894.86,60659,2014-2018,41068,26407,10058,4603,0.112082,0.398437,0.191877,0.100005,0.265803,0.67947,0.181766,0.081255,0.038357,0.359932,165,243,678,51383,0.219344,0.24422,0.413938,0.040049,0.008629,0.072078,0.055479,0.098726,0.21576,0.598176,0.183801,0.002263,0.13315,0.203365,383,1095,0.349772,G60659,2015-2019,US,60659,86000US60659,ZCTA5 60659,11288,6138,1818,1097,1201,575,1447,5150,2092,1224,1311,18,505,1676,984,228,222,81,18,435,692,330,209,70,0,83,4323,2575,315,690,424,338,808,1748,474,529,458,0,287,ZCTA5 60659,978,588,287,254,298,230,320,570,370,356,314,35,184,448,330,147,203,65,29,157,208,147,107,60,24,63,706,447,113,256,179,203,233,392,222,202,176,24,147,12452,1131,9.082878
60660,60660,B5,G6350,S,3340837,557846,41.9911098,-87.6630763,10054.4027,3340837.485,60660,2014-2018,43242,26605,10896,5741,0.132764,0.516003,0.178715,0.141783,0.128879,0.400852,0.428119,0.080625,0.067154,0.516428,86,145,522,49241,0.143448,0.130054,0.505296,0.033417,0.012272,0.079226,0.030499,0.033137,0.087998,0.272704,0.638871,0.000427,0.094701,0.213242,232,875,0.265143,G60660,2015-2019,US,60660,86000US60660,ZCTA5 60660,17473,9670,4847,1762,1586,353,1122,7803,4250,1317,1839,76,321,3162,1784,815,330,257,66,316,1378,690,277,259,0,152,3961,2562,558,897,274,141,692,1399,474,493,307,0,125,ZCTA5 60660,829,579,463,298,278,119,268,550,364,231,311,57,200,426,331,226,153,106,84,104,267,195,118,119,24,125,446,348,142,257,108,77,214,239,136,181,104,24,138,20329,1072,5.273255
60661,60661,B5,G6350,S,769922,0,41.8830276,-87.6440993,5019.57395,769927.1017,60661,2014-2018,9926,8494,1215,217,0.021862,0.512895,0.064477,0.035966,0.357949,0.214462,0.221323,0.499588,0.040615,0.902175,18,20,112,107245,0.290349,0.00812,0.791215,0.009761,0.005559,0.015727,0.002305,0,0.01632,0.012908,0.968694,0.002077,0.031332,0.060396,25,219,0.114155,G60661,2015-2019,US,60661,86000US60661,ZCTA5 60661,5216,2819,2124,102,549,30,14,2397,1823,105,469,0,0,293,86,86,0,0,0,0,207,155,20,32,0,0,568,259,155,84,20,0,0,309,263,14,32,0,0,ZCTA5 60661,492,298,237,109,150,34,23,318,265,65,164,18,18,113,62,62,18,18,18,18,90,80,31,35,18,18,196,165,98,105,32,18,18,123,108,24,39,18,18,5653,315,5.572263
60706,60706,B5,G6350,S,7660353,0,41.9642573,-87.8162416,17012.627,7660341.913,60706,2014-2018,23301,11653,6305,5343,0.229303,0.803957,0.107206,0.006266,0.077078,0.857378,0.085864,0.014844,0.030562,0.284503,47,88,477,62657,0.115102,0.065847,0.54876,0.023018,0.026212,0.0264,0.047351,0.044156,0.669984,0.150864,0.177266,0.001886,0.070502,0.306348,163,820,0.19878,G60706,2015-2019,US,60706,86000US60706,ZCTA5 60706,9735,5421,1738,620,871,1032,1160,4314,1409,1116,1566,32,191,73,37,25,0,0,0,12,36,17,8,11,0,0,988,577,125,94,109,99,150,411,145,130,100,0,36,ZCTA5 60706,431,354,265,149,170,180,213,307,219,187,251,37,95,52,37,33,21,21,21,16,38,20,14,18,21,21,237,169,72,73,61,51,86,134,87,71,67,21,49,8908,195,2.189044
60707,60707,B5,G6350,S,9344358,0,41.9218528,-87.8072823,15366.27632,9344347.082,60707,2014-2018,43019,24675,11599,6745,0.156791,0.480648,0.383668,0.078268,0.039122,0.826,0.114012,0.015272,0.029875,0.265085,91,175,841,57554,0.093447,0.140791,0.464509,0.034014,0.019704,0.044429,0.061271,0.062022,0.544243,0.298271,0.157486,0,0.094236,0.242352,338,1513,0.223397,G60707,2015-2019,US,60707,86000US60707,ZCTA5 60707,16187,8530,2158,1404,1279,1651,2038,7657,2849,1938,2353,13,504,1391,618,375,72,95,9,67,773,275,209,181,0,108,8359,4406,760,694,659,865,1428,3953,1086,1044,1215,28,580,ZCTA5 60707,898,639,291,355,301,372,320,505,331,327,324,18,172,327,228,190,47,77,18,52,199,128,151,100,24,99,649,489,184,202,202,243,289,451,245,328,245,33,203,15568,433,2.781346