time_h,voltage_0.5C,voltage_1C,voltage_2C,voltage_3C
0.0,4.0899719371540195,4.036355743560529,3.961214584982872,3.901733294373282
0.002777777777777778,4.0697159231284825,3.997591611978337,3.890562045726435,3.807078789149937
0.005555555555555556,4.057304302398786,3.976186050155334,3.8616985128065835,3.7733429901020044
0.008333333333333333,4.048409741449954,3.96256182223421,3.8465429831402895,3.7396509885489677
0.011111111111111112,4.041517310599621,3.9533008087368633,3.835249639442212,3.69421579932163
0.013888888888888888,4.035944267400006,3.946811670958427,3.8242786715043717,3.5237369359602693
0.016666666666666666,4.031317475156401,3.94219039393256,3.812555676441314,2.9025597532966843
0.019444444444444445,4.027405826542957,3.9388596049467197,3.800032891426314,2.7013972779424344
0.022222222222222223,4.024056342293413,3.936421604527797,3.7870550437634547,2.5917545257133994
0.023624551254162594,,,,2.498555623918652
0.025,4.021160153013096,3.9345905374809083,3.774049886124248,
0.027777777777777776,4.018637020661554,3.933156601515896,3.7613783337007693,
0.030555555555555555,4.0164266195171665,3.931963290177235,3.7492827627992495,
0.03333333333333333,4.014481950320915,3.930892765534828,3.737891957522136,
0.03611111111111111,4.012765417324159,3.929857101721632,3.7272490112292336,
0.03888888888888889,4.011246488218332,3.928791510837694,3.717341668888336,
0.041666666666666664,4.009900065865459,3.9276490900194934,3.7081267901242607,
0.044444444444444446,4.008705175970091,3.9263970698919333,3.699546290493384,
0.04722222222222222,4.007643960907868,3.9250138848660727,3.6915373838620202,
0.05,4.00670099890848,3.923486687423547,3.6840376206768126,
0.05277777777777778,4.005862846359785,3.9218094413610824,3.676988116692098,
0.05555555555555555,4.0051176819480085,3.9199813943244615,3.6703358608287524,
0.058333333333333334,4.0044550122466545,3.918005795562411,3.6640321363774193,
0.06111111111111111,4.0038654255204795,3.9158888584293736,3.6580323176121445,
0.06388888888888888,4.003340446233457,3.9136389460029033,3.652295718276545,
0.06666666666666667,4.002872325477899,3.911265896724945,3.646785080996984,
0.06944444444444445,4.002454026351433,3.9087804750051145,3.641466488542349,
0.07222222222222222,4.002079101348798,3.9061939632395215,3.6363087430802405,
0.075,4.001741602948407,3.9035178051311945,3.6312825984551016,
0.07777777777777778,4.001436075258572,3.9007633651203806,3.6263607514055898,
0.08055555555555556,4.001157464608588,3.897941722454116,3.6215169299297147,
0.08333333333333333,4.000901096013627,3.895063522426544,3.6167260970218913,
0.08611111111111111,4.000662650683348,3.8921388642262085,3.6119643442706004,
0.08888888888888889,4.000438076181916,3.8891772582664577,3.6072086315659515,
0.09166666666666666,4.000223630838107,3.886187574326169,3.6024368383150627,
0.09444444444444444,4.000015932616427,3.883177984832932,3.5976273947085704,
0.09722222222222222,3.9998116548537914,3.880156025118409,3.5927596384342517,
0.1,3.9996077922924065,3.877128519767538,3.587813311038132,
0.10277777777777777,3.999401737801414,3.874101638564725,3.5827691467798677,
0.10555555555555556,3.9991908076751357,3.8710809219298583,3.5776085404389835,
0.10833333333333334,3.9989726345077004,3.868071306246785,3.5723136412540795,
0.1111111111111111,3.998745184948153,3.865077196251103,3.5668673372213155,
0.11388888888888889,3.998506416746151,3.862102390841737,3.5612530732670313,
0.11666666666666667,3.998254528600167,3.85915031666845,3.5554543982300406,
0.11944444444444445,3.997987910802433,3.856223778676499,3.5494547444180484,
0.12222222222222222,3.9977050822386455,3.8533252989588704,3.5432366501230144,
0.125,3.997404712226347,3.8504569228211074,3.5367814151549886,
0.12777777777777777,3.997085578821405,3.8476203388960215,3.530069197126894,
0.13055555555555556,3.9967466207698377,3.844816940947496,3.5230798197467394,
0.13333333333333333,3.996386886322943,3.842047773849257,3.5157949268161315,
0.1361111111111111,3.9960055408440387,3.8393136611018903,3.5082025270299053,
0.1388888888888889,3.995601846356632,3.8366151386544987,3.5003046899938854,
0.14166666666666666,3.9951751856714224,3.833952557392554,3.492125110542165,
0.14444444444444443,3.994725096029104,3.8313260258680684,3.4837172069606575,
0.14722222222222223,3.994251118282216,3.828735501763689,3.4751680382738424,
0.15,3.9937528962556432,3.8261808124318986,3.4665928419028993,
0.1527777777777778,3.9932301398915127,3.8236616486016817,3.4581274330037033,
0.15555555555555556,3.992682666131326,3.8211775093200013,3.4499063200633153,
0.15833333333333333,3.9921104523492885,3.8187277974401117,3.4420440379636106,
0.16111111111111112,3.9915134201341558,3.81631189153513,3.4346213166744284,
0.1638888888888889,3.9908916085040604,3.8139290579265457,3.427679845946947,
0.16666666666666666,3.9902456699767783,3.8115794890178116,3.421226078759003,
0.16944444444444445,3.9895748769174495,3.809260302223027,3.415236061140764,
0.17222222222222222,3.988879664579961,3.8069711258318906,3.409672285748025,
0.175,3.9881603468307323,3.8047110560718367,3.4044878835259715,
0.17777777777777778,3.987417263080825,3.8024785830926247,3.3996347260494115,
0.18055555555555555,3.9866504967808933,3.8002732439328053,3.3950661369712636,
0.18333333333333332,3.9858605291991007,3.7980940930664353,3.3907407923435744,
0.18611111111111112,3.9850479783734456,3.7959392637011624,3.3866216764959156,
0.18888888888888888,3.9842133762858247,3.7938077145527025,3.3826779080173854,
0.19166666666666668,3.9833572521854603,3.7916986430379085,3.378882545222771,
0.19444444444444445,3.982479327604016,3.7896106355587285,3.3752136396118844,
0.19722222222222222,3.981580753154636,3.7875415887104813,3.3716520591399877,
0.2,3.9806621514936613,3.785490901391229,3.368182278139644,
0.20277777777777778,3.9797241658801057,3.7834573077731704,3.364790445804893,
0.20555555555555555,3.978767101264784,3.7814385636650187,3.3614656707336152,
0.20833333333333334,3.9777911746547363,3.7794335184988976,3.3581984234688034,
0.2111111111111111,3.9767974802349717,3.777440931890617,3.3549804310806084,
0.21388888888888888,3.9757866989469894,3.7754590002906907,3.3518040345490876,
0.21666666666666667,3.9747595201882056,3.773485576155864,3.348663311009297,
0.21944444444444444,3.973715941213336,3.7715194791515434,3.345552783902044,
0.2222222222222222,3.9726567947784943,3.769559000452915,3.3424675975322837,
0.225,3.971582958293598,3.7676015055598895,3.339403240978857,
0.22777777777777777,3.970495121862876,3.765645422663899,3.3363558524443797,
0.23055555555555557,3.969393901008264,3.763688794371638,3.333321824108239,
0.23333333333333334,3.968279194598495,3.761729127814818,3.3302978142151947,
0.2361111111111111,3.967152205251125,3.7597637622824935,3.3272807813147787,
0.2388888888888889,3.9660136033179367,3.757790514255855,3.3242677203145115,
0.24166666666666667,3.96486405377539,3.755806711562995,3.321255736537338,
0.24444444444444444,3.963703886835684,3.7538087298521603,3.3182419912253085,
0.24722222222222223,3.9625334602944964,3.751793863554891,3.3152237651235574,
0.25,3.9613537305214943,3.7497587473577263,3.312198195464989,
0.25277777777777777,3.9601653243898673,3.7476994109575834,3.3091622845238655,
0.25555555555555554,3.958968858964458,3.745611740318332,3.3061129285872872,
0.25833333333333336,3.957764383911278,3.7434916851785207,3.303046915955231,
0.2611111111111111,3.9565526727019544,3.7413346176041924,3.2999607794292753,
0.2638888888888889,3.9553344181800765,3.739135082745009,3.2968506758986478,
0.26666666666666666,3.9541101881024,3.736888141362653,3.2937124681180268,
0.26944444444444443,3.9528804568302753,3.734588228573495,3.2905416820497577,
0.2722222222222222,3.951645257174603,3.7322291681239332,3.2873334389605717,
0.275,3.9504054769865915,3.729804830697319,3.284082225662786,
0.2777777777777778,3.949161629987865,3.72730913964902,3.2807820361026976,
0.28055555555555556,3.947914216400744,3.7247357805372623,3.277426266369935,
0.2833333333333333,3.9466634685621695,3.722078262251463,3.2740076748904894,
0.2861111111111111,3.945409709484813,3.7193310548862017,3.270518353848174,
0.28888888888888886,3.9441536004027067,3.716488955693772,3.2669497390721305,
0.2916666666666667,3.9428955849570837,3.713547270069248,3.2632927508207437,
0.29444444444444445,3.9416360927758114,3.710502810902909,3.2595374167597915,
0.2972222222222222,3.9403751370804816,3.70735390879515,3.2556733284430988,
0.3,3.93911329128095,3.704100476032408,3.2516896584973276,
0.30277777777777776,3.937851000279461,3.7007443062616896,3.2475753464803208,
0.3055555555555556,3.936588637643973,3.6972899296225368,3.2433193521803436,
0.30833333333333335,3.935326490251823,3.693744073474623,3.2389109837533683,
0.3111111111111111,3.934064598940685,3.690115503704839,3.234340392071234,
0.3138888888888889,3.9328035256963374,3.6864156413337077,3.229598854545234,
0.31666666666666665,3.931543590030884,3.682657765132539,3.2246794634507743,
0.3194444444444444,3.9302850982445046,3.6788564978260876,3.219577708724031,
0.32222222222222224,3.929028245537137,3.6750272834575384,3.214292079022889,
0.325,3.927773242424024,3.671186024450377,3.2088246439924313,
0.3277777777777778,3.926520411008493,3.66734818539381,3.203181552532486,
0.33055555555555555,3.9252704851977978,3.663528691270088,3.197373800371611,
0.3333333333333333,3.924023096211456,3.6597398198780065,3.191415864407515,
0.33611111111111114,3.922778220926424,3.655992932449122,3.1853275376799393,
0.3388888888888889,3.9215361301834344,3.6522971127512434,3.179132573523365,
0.3416666666666667,3.9202972270166505,3.6486593876592823,3.1728580265548123,
0.34444444444444444,3.919061586623679,3.6450845367390396,3.1665334301956682,
0.3472222222222222,3.9178293963871575,3.641575538226722,3.1601893593728505,
0.35,3.9166008315842458,3.6381336420785395,3.153856492778045,
0.3527777777777778,3.9153760583947617,3.6347585928644355,3.1475641674925265,
0.35555555555555557,3.9141552325687967,3.631449012822285,3.141339027414365,
0.35833333333333334,3.912938436705963,3.6282028796742485,3.1352038471420434,
0.3611111111111111,3.9117257235371463,3.625017544735856,3.1291769061017285,
0.3638888888888889,3.9105173145571306,3.6218898092736476,3.12327158497232,
0.36666666666666664,3.909313326263688,3.618816715581411,3.1174956548620427,
0.36944444444444446,3.908113865796836,3.615795220805404,3.1118511728583087,
0.37222222222222223,3.906919031140538,3.612822316800777,3.1063344536199433,
0.375,3.905728911321309,3.609895254761436,3.10093664986655,
0.37777777777777777,3.9045433442475783,3.607011709745679,3.0956432038984265,
0.38055555555555554,3.9033625475775082,3.6041695657679407,3.0904338975534476,
0.38333333333333336,3.9021866106831036,3.601366732632624,3.0852823333890047,
0.3861111111111111,3.9010155896278103,3.598601854718641,3.0801559040099367,
0.3888888888888889,3.899849532452447,3.595873690869113,3.075014289681156,
0.39166666666666666,3.898688479337286,3.593181246365555,3.0698081460869515,
0.39444444444444443,3.897532358868424,3.590523742244934,3.0644771541554774,
0.3972222222222222,3.896381111575453,3.5879005828272703,3.058947505411367,
0.4,3.8952348758037956,3.585311323123448,3.0531291134553653,
0.4027777777777778,3.894093662715473,3.5827556373497442,3.046912496806908,
0.40555555555555556,3.892957476299735,3.580233117604017,3.040165878405371,
0.4083333333333333,3.8918263134784956,3.5777436304526726,3.0327334628677485,
0.4111111111111111,3.8907001642008834,3.5752870904570293,3.0244361546127285,
0.41388888888888886,3.889578833891496,3.5728633748952503,3.0150766874376584,
0.4166666666666667,3.888462407505266,3.5704723610504048,3.0044514711736876,
0.41944444444444445,3.887350856361121,3.5681139111321416,2.992371393799857,
0.4222222222222222,3.886244138940149,3.565787860014925,2.978691998933787,
0.425,3.885142207128352,3.563494005595458,2.963350048129824,
0.42777777777777776,3.8840450062298912,3.5612320863643423,2.946398187329817,
0.4305555555555556,3.882952474964766,3.55900179009822,2.9280241171584325,
0.43333333333333335,3.8818645454503193,3.556802787016345,2.9085408463059026,
0.4361111111111111,3.8807811431656676,3.554634673898953,2.888341032021104,
0.4388888888888889,3.8797021360225603,3.5524969933090476,2.867822613776229,
0.44166666666666665,3.8786274655892754,3.5503892345902504,2.8473063722574175,
0.4444444444444444,3.877557039808462,3.5483108358218978,2.826969718915747,
0.44722222222222224,3.8764907553973558,3.5462611865346,2.806812484270036,
0.45,3.875428502003381,3.54423963449635,2.786655675044515,
0.4527777777777778,3.8743701620496442,3.5422455332415033,2.766162545932351,
0.45555555555555555,3.8733156105579654,3.540278111224179,2.7448665168263275,
0.4583333333333333,3.8722647149484795,3.5383366015824604,2.7221954638448067,
0.46111111111111114,3.8712173348151,3.5364202082441767,2.6974847510551063,
0.4638888888888889,3.870173341314318,3.5345281101218617,2.6699776163793087,
0.4666666666666667,3.869132567682673,3.532659465201175,2.6388136559179465,
0.46944444444444444,3.8680948463503797,3.530813414463135,2.6030069518584336,
0.4722222222222222,3.8670600034719715,3.5289890855930004,2.561415106373158,
0.475,3.866027855853319,3.5271856331996068,2.5126996734875444,
0.4756549230078746,,,2.500010104364001,
0.4777777777777778,3.86499821056644,3.525402160876625,,
0.48055555555555557,3.863970864535214,3.523637767834227,,
0.48333333333333334,3.8629456040918466,3.5218915623833302,,
0.4861111111111111,3.861922204503819,3.5201626538669393,,
0.4888888888888889,3.8609004358493646,3.518450154636408,,
0.49166666666666664,3.8598800553165624,3.5167531817219198,,
0.49444444444444446,3.858860877005146,3.5150709876646555,,
0.49722222222222223,3.8578425544526342,3.513402581995458,,
0.5,3.856824770092953,3.5117470541672238,,
0.5027777777777778,3.85580723368187,3.510103569748767,,
0.5055555555555555,3.8547896592786794,3.508471333424377,,
0.5083333333333333,3.853771701793242,3.506849489524562,,
0.5111111111111111,3.8527530163959187,3.5052372177766866,,
0.5138888888888888,3.8517332353025,3.5036337058031335,,
0.5166666666666667,3.850711980824545,3.5020381490698744,,
0.5194444444444445,3.8496888555000415,3.5004497499047864,,
0.5222222222222223,3.84866344123602,3.4988676916265486,,
0.525,3.8476352999315737,3.4972911595333103,,
0.5277777777777778,3.846603972855728,3.495719411115427,,
0.5305555555555556,3.8455689223571583,3.4941516659903966,,
0.5333333333333333,3.844529652856458,3.492587144790506,,
0.5361111111111111,3.843485679902926,3.4910250676276133,,
0.5388888888888889,3.8424364572828695,3.489464652458733,,
0.5416666666666666,3.8413814160936943,3.487905113362516,,
0.5444444444444444,3.840319964685729,3.486345658736432,,
0.5472222222222223,3.8392514887794214,3.4847854894247825,,
0.55,3.8381753517878225,3.4832237473286947,,
0.5527777777777778,3.837090895377221,3.4816595910486017,,
0.5555555555555556,3.835997440300878,3.480092238399085,,
0.5583333333333333,3.8348942875435723,3.4785208404282995,,
0.5611111111111111,3.8337807198160165,3.4769445305974447,,
0.5638888888888889,3.832656003440296,3.4753624227384914,,
0.5666666666666667,3.8315193906676543,3.4737736090340925,,
0.5694444444444444,3.830370122470498,3.4721771580389884,,
0.5722222222222222,3.82920733386234,3.4705721127647546,,
0.575,3.82803029940157,3.4689574888521673,,
0.5777777777777777,3.826838283458719,3.467332216890382,,
0.5805555555555556,3.825630520620808,3.4656952529475307,,
0.5833333333333334,3.8244062565529866,3.4640455586494654,,
0.5861111111111111,3.8231647543431952,3.4623820247468635,,
0.5888888888888889,3.8219053014922686,3.4607035078820547,,
0.5916666666666667,3.820627217533032,3.4590088300012782,,
0.5944444444444444,3.81932986224421,3.4572967781309907,,
0.5972222222222222,3.8180126444050613,3.455566104575662,,
0.6,3.8166750310140225,3.4538155275990956,,
0.6027777777777777,3.8153165568704135,3.4520437326558615,,
0.6055555555555555,3.813936834392292,3.450249323840001,,
0.6083333333333333,3.812535563517095,3.44843094023029,,
0.6111111111111112,3.811112541505529,3.4465872032442513,,
0.6138888888888889,3.8096675721230735,3.444716692312688,,
0.6166666666666667,3.8082007461224103,3.4428179710362317,,
0.6194444444444445,3.806712221742086,3.440889593285243,,
0.6222222222222222,3.8052022739396762,3.438930110374947,,
0.625,3.8036713147302224,3.4369380793802247,,
0.6277777777777778,3.8021198975298858,3.434912072644279,,
0.6305555555555555,3.8005487197122982,3.4328506885212873,,
0.6333333333333333,3.798958623159783,3.4307525633751794,,
0.6361111111111111,3.797350592626994,3.4286163848343314,,
0.6388888888888888,3.795725751781161,3.426440906274865,,
0.6416666666666667,3.7940853568392567,3.424224962473405,,
0.6444444444444445,3.792430787786959,3.4219674863338323,,
0.6472222222222223,3.7907635372348727,3.419667526551491,,
0.65,3.789085197041068,3.417324264717816,,
0.6527777777777778,3.7873974428524004,3.4149370319217294,,
0.6555555555555556,3.7857020072035805,3.4125053362117246,,
0.6583333333333333,3.78400068901627,3.4100288927953146,,
0.6611111111111111,3.7822952925500477,3.407507594860983,,
0.6638888888888889,3.780587639322837,3.404941573295362,,
0.6666666666666666,3.7788795457810798,3.4023312133715993,,
0.6694444444444444,3.777172799895596,3.3996771645592103,,
0.6722222222222223,3.7754691274884737,3.396980334497622,,
0.675,3.7737701896276623,3.394241918022422,,
0.6777777777777778,3.7720775609151107,3.3914633973676604,,
0.6805555555555556,3.7703927146828464,3.3886465447657748,,
0.6833333333333333,3.7687170102951377,3.3857934155591773,,
0.6861111111111111,3.767051680337045,3.3829063532781722,,
0.6888888888888889,3.765397818469045,3.3799879768684176,,
0.6916666666666667,3.7637563988931437,3.377041158433128,,
0.6944444444444444,3.762128245044314,3.3740690068338735,,
0.6972222222222222,3.7605140383104465,3.3710748431269915,,
0.7,3.7589143192957297,3.368062171722382,,
0.7027777777777777,3.7573294910396893,3.365034647686112,,
0.7055555555555556,3.7557598239654313,3.3619960407329463,,
0.7083333333333334,3.7542054623090024,3.3589501965636965,,
0.7111111111111111,3.752666431770684,3.3559009962898383,,
0.7138888888888889,3.7511426481274937,3.352852304900475,,
0.7166666666666667,3.749633926553057,3.34980793051207,,
0.7194444444444444,3.748139991404467,3.3467716345419034,,
0.7222222222222222,3.7466604862551027,3.343747024316385,,
0.725,3.7451949839749608,3.3407375395915855,,
0.7277777777777777,3.743742996685541,3.3377464173966502,,
0.7305555555555555,3.7423039671738287,3.3347766601789672,,
0.7333333333333333,3.7408773218393128,3.331831007661477,,
0.7361111111111112,3.739462454531836,3.3289119126815887,,
0.7388888888888889,3.7380587267748853,3.3260215211351634,,
0.7416666666666667,3.7366654830002717,3.3231616560039603,,
0.7444444444444445,3.7352820575474985,3.3203338053065563,,
0.7472222222222222,3.7339077810126238,3.317539113685343,,
0.75,3.7325419859476514,3.314778377229241,,
0.7527777777777778,3.7311840119232826,3.3120520410357814,,
0.7555555555555555,3.729833209977029,3.3093601989380654,,
0.7583333333333333,3.7284889464761104,3.3067025947618727,,
0.7611111111111111,3.7271506064291944,3.3040786244350646,,
0.7638888888888888,3.725817596284982,3.30148733115154,,
0.7666666666666667,3.724489346257382,3.298927393873281,,
0.7694444444444445,3.723165312217738,3.296397205494893,,
0.7722222222222223,3.72184497243639,3.293894783541826,,
0.775,3.720527821285091,3.2914177959562934,,
0.7777777777777778,3.7192134175513543,3.288963553301065,,
0.7805555555555556,3.71790133135015,3.2865289968543,,
0.7833333333333333,3.7165911627905923,3.284110681933476,,
0.7861111111111111,3.7152825420663427,3.2817047558083896,,
0.7888888888888889,3.7139751293592416,3.2793069295903843,,
0.7916666666666666,3.7126686145817795,3.2769124435203696,,
0.7944444444444444,3.711362716981784,3.2745160251282415,,
0.7972222222222223,3.7100571846300743,3.272111839807773,,
0.8,3.7087517938095305,3.26969343345511,,
0.8027777777777778,3.7074463483219193,3.2672536669690473,,
0.8055555555555556,3.706140678726815,3.26478464262442,,
0.8083333333333333,3.7048346415250126,3.262277622628757,,
0.8111111111111111,3.7035281182973416,3.259722940581688,,
0.8138888888888889,3.7022210148081607,3.2571099069869676,,
0.8166666666666667,3.700913258944524,3.2544267082192486,,
0.8194444444444444,3.6996048002604893,3.2516603127717425,,
0.8222222222222222,3.698295613378407,3.2487963803404996,,
0.825,3.696985688746211,3.245819154170175,,
0.8277777777777777,3.6956750377091674,3.242711406934182,,
0.8305555555555556,3.6943636916059144,3.2394544032918313,,
0.8333333333333334,3.693051700052562,3.2360278916671503,,
0.8361111111111111,3.6917391265357766,3.2324101024012903,,
0.8388888888888889,3.6904260514485747,3.2285779206852347,,
0.8416666666666667,3.689112569750776,3.2245070658017214,,
0.8444444444444444,3.687798790017984,3.2201723997445733,,
0.8472222222222222,3.6864848335005416,3.215548363007322,,
0.85,3.6851708331936797,3.2106095546433098,,
0.8527777777777777,3.683856932919969,3.205331467986286,,
0.8555555555555555,3.682543286424985,3.1996913837141654,,
0.8583333333333333,3.6812300564872067,3.1936694076251784,,
0.8611111111111112,3.6799174140428947,3.1872496245859168,,
0.8638888888888889,3.6786055373269555,3.1804213099499856,,
0.8666666666666667,3.677294609692386,3.1731800945768356,,
0.8694444444444445,3.675984810371884,3.165529057929879,,
0.8722222222222222,3.674676346296822,3.157479539071733,,
0.875,3.6733694166627924,3.1490515880438052,,
0.8777777777777778,3.6720642239369914,3.1402739322812296,,
0.8805555555555555,3.6707609731120816,3.1311833727787963,,
0.8833333333333333,3.669459870981691,3.1218235738631614,,
0.8861111111111111,3.668161125438528,3.1122432739177985,,
0.8888888888888888,3.6668649447957136,3.1024940131777763,,
0.8916666666666667,3.66557153713223,3.092627536866826,,
0.8944444444444445,3.6642811096630847,3.082693075467338,,
0.8972222222222223,3.662993868135003,3.0727347198083605,,
0.9,3.661710016248151,3.0627890935306397,,
0.9027777777777778,3.66042975510452,3.052883482533608,,
0.9055555555555556,3.6591532826835427,3.0430345190687853,,
0.9083333333333333,3.657880793345298,3.033247449189275,,
0.9111111111111111,3.6566124773617052,3.023515948239124,,
0.9138888888888889,3.655348520476095,3.013822399157973,,
0.9166666666666666,3.6540891034912146,3.0041385174838355,,
0.9194444444444444,3.6528344018859533,2.9944261941996793,,
0.9222222222222223,3.651584585460757,2.984638439281877,,
0.925,3.6503398180116973,2.9747203137624347,,
0.9277777777777778,3.6491002570330973,2.964609767746807,,
0.9305555555555556,3.6478660534484484,2.9542383322344223,,
0.9333333333333333,3.6466373513693635,2.9435316244566683,,
0.9361111111111111,3.6454142878821845,2.9324096511513007,,
0.9388888888888889,3.644196992861645,2.92078690706137,,
0.9416666666666667,3.6429855888112743,2.908572275325181,,
0.9444444444444444,3.641780190729623,2.895668741736469,,
0.9472222222222222,3.640580906001869,2.8819729369388583,,
0.95,3.6393878343158677,2.867374520344927,,
0.9527777777777777,3.6382010676018823,2.851755417714244,,
0.9555555555555556,3.637020689995108,2.8349889215100434,,
0.9583333333333334,3.6358467778200017,2.8169386598391886,,
0.9611111111111111,3.6346793995955395,2.7974574362701197,,
0.9638888888888889,3.633518616060228,2.7763859392965373,,
0.9666666666666667,3.632364480215992,2.7535513167468206,,
0.9694444444444444,3.6312170373897095,2.728765607028572,,
0.9722222222222222,3.6300763253113324,2.7018240156777646,,
0.975,3.628942374207603,2.6725030221312744,,
0.9777777777777777,3.6278152069099985,2.64055829769288,,
0.9805555555555555,3.6266948381566646,2.6057224116307953,,
0.9833333333333333,3.6255812762871544,2.5677022960611087,,
0.9861111111111112,3.624474523240605,2.526176434525161,,
0.9877427231125481,,2.5000100266341585,,
0.9888888888888889,3.6233745728439706,,,
0.9916666666666667,3.622281412696352,,,
0.9944444444444445,3.621195025267394,,,
0.9972222222222222,3.6201153881806345,,,
1.0,3.61904246673834,,,
1.0027777777777778,3.6179762239265587,,,
1.0055555555555555,3.6169166169641636,,,
1.0083333333333333,3.6158635974975373,,,
1.011111111111111,3.6148171117973966,,,
1.0138888888888888,3.613777100956736,,,
1.0166666666666666,3.612743501089267,,,
1.0194444444444444,3.6117162435275394,,,
1.0222222222222221,3.6106952550200346,,,
1.025,3.6096804579266704,,,
1.0277777777777777,3.6086717704119846,,,
1.0305555555555554,3.607669106635525,,,
1.0333333333333334,3.606672376938887,,,
1.0361111111111112,3.6056814880289383,,,
1.038888888888889,3.6046963431567844,,,
1.0416666666666667,3.603716842292058,,,
1.0444444444444445,3.6027428822922416,,,
1.0472222222222223,3.601774357066648,,,
1.05,3.600811157734768,,,
1.0527777777777778,3.5998531727788414,,,
1.0555555555555556,3.5989002881902974,,,
1.0583333333333333,3.5979523876100337,,,
1.0611111111111111,3.597009352462276,,,
1.0638888888888889,3.596071062081974,,,
1.0666666666666667,3.5951373938356297,,,
1.0694444444444444,3.594208223235453,,,
1.0722222222222222,3.5932834240469234,,,
1.075,3.5923628683895954,,,
1.0777777777777777,3.5914464268312973,,,
1.0805555555555555,3.5905339684756625,,,
1.0833333333333333,3.589625361043091,,,
1.086111111111111,3.5887204709451854,,,
1.0888888888888888,3.587819163352775,,,
1.0916666666666666,3.586921303514336,,,
1.0944444444444446,3.586026753162888,,,
1.0972222222222223,3.5851353739551945,,,
1.1,3.584247026654686,,,
1.1027777777777779,3.583361571031563,,,
1.1055555555555556,3.5824788658947893,,,
1.1083333333333334,3.58159876911859,,,
1.1111111111111112,3.5807211376636845,,,
1.113888888888889,3.5798458275933993,,,
1.1166666666666667,3.578972694084862,,,
1.1194444444444445,3.578101591435528,,,
1.1222222222222222,3.5772323730651525,,,
1.125,3.576364891513525,,,
1.1277777777777778,3.5754989984341314,,,
1.1305555555555555,3.5746345445839802,,,
1.1333333333333333,3.573771379809824,,,
1.136111111111111,3.5729093530310574,,,
1.1388888888888888,3.572048312219474,,,
1.1416666666666666,3.571188104376208,,,
1.1444444444444444,3.5703285755060357,,,
1.1472222222222221,3.569469570589423,,,
1.15,3.568610933694849,,,
1.1527777777777777,3.5677525075822207,,,
1.1555555555555554,3.566894133908104,,,
1.1583333333333334,3.5660356534438558,,,
1.1611111111111112,3.5651769060652296,,,
1.163888888888889,3.564317729215305,,,
1.1666666666666667,3.563457959785849,,,
1.1694444444444445,3.5625974333716606,,,
1.1722222222222223,3.5617359842351193,,,
1.175,3.5608734452716235,,,
1.1777777777777778,3.560009647976171,,,
1.1805555555555556,3.5591444224116153,,,
1.1833333333333333,3.5582775971788547,,,
1.1861111111111111,3.557408999389532,,,
1.1888888888888889,3.5565384546414966,,,
1.1916666666666667,3.555665786997624,,,
1.1944444444444444,3.5547908189683524,,,
1.1972222222222222,3.553913371498484,,,
1.2,3.5530332639586657,,,
1.2027777777777777,3.552150314142139,,,
1.2055555555555555,3.5512643382671962,,,
1.2083333333333333,3.550375150985972,,,
1.211111111111111,3.5494825654000284,,,
1.2138888888888888,3.5485863930833617,,,
1.2166666666666666,3.5476864441134457,,,
1.2194444444444446,3.5467825271107842,,,
1.2222222222222223,3.545874449287714,,,
1.225,3.544962016507,,,
1.2277777777777779,3.544045033350899,,,
1.2305555555555556,3.5431233032012748,,,
1.2333333333333334,3.542196628331464,,,
1.2361111111111112,3.5412648100104858,,,
1.238888888888889,3.54032764862033,,,
1.2416666666666667,3.539384943786834,,,
1.2444444444444445,3.538436494524942,,,
1.2472222222222222,3.5374820993988316,,,
1.25,3.536521556697661,,,
1.2527777777777778,3.535554664627403,,,
1.2555555555555555,3.534581221802173,,,
1.2583333333333333,3.533601026651719,,,
1.261111111111111,3.5326138784228434,,,
1.2638888888888888,3.531619577249953,,,
1.2666666666666666,3.530617924404777,,,
1.2694444444444444,3.5296087225959485,,,
1.2722222222222221,3.5285917762878944,,,
1.275,3.527566892039314,,,
1.2777777777777777,3.5265338788612817,,,
1.2805555555555554,3.5254925485952264,,,
1.2833333333333334,3.5244427163104963,,,
1.2861111111111112,3.523384200721621,,,
1.288888888888889,3.522316824624793,,,
1.2916666666666667,3.5212404153533168,,,
1.2944444444444445,3.5201548052514484,,,
1.2972222222222223,3.5190598321659423,,,
1.3,3.51795533995453,,,
1.3027777777777778,3.5168411790103025,,,
1.3055555555555556,3.515717206800893,,,
1.3083333333333333,3.5145832884210852,,,
1.3111111111111111,3.513439297157351,,,
1.3138888888888889,3.512285115097211,,,
1.3166666666666667,3.5111206336240595,,,
1.3194444444444444,3.509945754063982,,,
1.3222222222222222,3.5087603883410816,,,
1.325,3.5075644595794624,,,
1.3277777777777777,3.5063579023280482,,,
1.3305555555555555,3.505140663619872,,,
1.3333333333333333,3.5039127033814355,,,
1.336111111111111,3.502673995005131,,,
1.3388888888888888,3.501424525908111,,,
1.3416666666666666,3.5001642980740457,,,
1.3444444444444446,3.498893328574121,,,
1.3472222222222223,3.497611650063572,,,
1.35,3.496319311249919,,,
1.3527777777777779,3.495016377329041,,,
1.3555555555555556,3.493702930385124,,,
1.3583333333333334,3.492379069750626,,,
1.3611111111111112,3.491044912322395,,,
1.363888888888889,3.4897005928300358,,,
1.3666666666666667,3.488346264052918,,,
1.3694444444444445,3.4869820969822394,,,
1.3722222222222222,3.485608280924702,,,
1.375,3.484225023544708,,,
1.3777777777777778,3.482832550842146,,,
1.3805555555555555,3.4814311070631367,,,
1.3833333333333333,3.4800209545415397,,,
1.386111111111111,3.478602373469231,,,
1.3888888888888888,3.4771756615937814,,,
1.3916666666666666,3.4757411338423565,,,
1.3944444444444444,3.4742991218713866,,,
1.3972222222222221,3.4728499735418725,,,
1.4,3.4713940523206657,,,
1.4027777777777777,3.469931736608858,,,
1.4055555555555554,3.4684634189985637,,,
1.4083333333333334,3.466989505460316,,,
1.4111111111111112,3.465510414463444,,,
1.413888888888889,3.4640265760326767,,,
1.4166666666666667,3.462538430744529,,,
1.4194444444444445,3.461046428741992,,,
1.4222222222222223,3.4595510284077013,,,
1.425,3.4580526954052617,,,
1.4277777777777778,3.45655190142982,,,
1.4305555555555556,3.4550491229652156,,,
1.4333333333333333,3.4535448400197337,,,
1.4361111111111111,3.4520395348386144,,,
1.4388888888888889,3.4505336905996664,,,
1.4416666666666667,3.4490277900986674,,,
1.4444444444444444,3.447522314431014,,,
1.4472222222222222,3.4460177416763464,,,
1.45,3.444514545592609,,,
1.4527777777777777,3.443013194325997,,,
1.4555555555555555,3.441514149142951,,,
1.4583333333333333,3.4400178631902536,,,
1.461111111111111,3.4385247802888017,,,
1.4638888888888888,3.437035333766377,,,
1.4666666666666666,3.435549945334388,,,
1.4694444444444446,3.43406902401286,,,
1.4722222222222223,3.432592965107861,,,
1.475,3.4311221492446293,,,
1.4777777777777779,3.4296569414687026,,,
1.4805555555555556,3.4281976903750206,,,
1.4833333333333334,3.4267447273390177,,,
1.4861111111111112,3.4252983658130938,,,
1.488888888888889,3.42385890067291,,,
1.4916666666666667,3.4224266075267242,,,
1.4944444444444445,3.421001742315476,,,
1.4972222222222222,3.4195845408024215,,,
1.5,3.4181752181711067,,,
1.5027777777777778,3.4167739686829424,,,
1.5055555555555555,3.4153809653916567,,,
1.5083333333333333,3.413996359911832,,,
1.511111111111111,3.4126202822379983,,,
1.5138888888888888,3.411252840610577,,,
1.5166666666666666,3.4098941214246175,,,
1.5194444444444444,3.408544189176809,,,
1.5222222222222221,3.4072030864462084,,,
1.525,3.4058708339037524,,,
1.5277777777777777,3.404547430345364,,,
1.5305555555555554,3.40323285274358,,,
1.5333333333333334,3.4019270563121022,,,
1.5361111111111112,3.4006299745779134,,,
1.538888888888889,3.399341519455286,,,
1.5416666666666667,3.39806158131612,,,
1.5444444444444445,3.396790029050912,,,
1.5472222222222223,3.395526710114665,,,
1.55,3.3942714505520937,,,
1.5527777777777778,3.3930240549964816,,,
1.5555555555555556,3.3917843066364965,,,
1.5583333333333333,3.390551967145506,,,
1.5611111111111111,3.389326776567706,,,
1.5638888888888889,3.3881084531557284,,,
1.5666666666666667,3.3868966931542093,,,
1.5694444444444444,3.385691170524035,,,
1.5722222222222222,3.384491536601911,,,
1.575,3.3832974196901455,,,
1.5777777777777777,3.382108424571391,,,
1.5805555555555555,3.380924131943417,,,
1.5833333333333333,3.3797440977893536,,,
1.586111111111111,3.378567852578444,,,
1.5888888888888888,3.377394900486182,,,
1.5916666666666666,3.376224718446748,,,
1.5944444444444446,3.3750567551134227,,,
1.5972222222222223,3.37389042971337,,,
1.6,3.3727251307905632,,,
1.6027777777777779,3.3715602148330857,,,
1.6055555555555556,3.370395004781423,,,
1.6083333333333334,3.3692287884146577,,,
1.6111111111111112,3.368060816612128,,,
1.613888888888889,3.3668903014884988,,,
1.6166666666666667,3.3657164144009943,,,
1.6194444444444445,3.364538283828424,,,
1.6222222222222222,3.3633549931224045,,,
1.625,3.362165578132562,,,
1.6277777777777778,3.3609690247086896,,,
1.6305555555555555,3.359764266084564,,,
1.6333333333333333,3.358550180149855,,,
1.636111111111111,3.3573255866187197,,,
1.6388888888888888,3.3560892441063057,,,
1.6416666666666666,3.354839847129559,,,
1.6444444444444444,3.3535760230378644,,,
1.6472222222222221,3.3522963289143726,,,
1.65,3.350999248462602,,,
1.6527777777777777,3.3496831889035517,,,
1.6555555555555554,3.348346477894318,,,
1.6583333333333334,3.34698736059971,,,
1.6611111111111112,3.3456039968534905,,,
1.663888888888889,3.3441944585243544,,,
1.6666666666666667,3.3427567271357392,,,
1.6694444444444445,3.3412886918094227,,,
1.6722222222222223,3.339788147612077,,,
1.675,3.338252794392822,,,
1.6777777777777778,3.3366802362097836,,,
1.6805555555555556,3.3350679814533963,,,
1.6833333333333333,3.3334134437842478,,,
1.6861111111111111,3.331713944012866,,,
1.6888888888888889,3.3299667130582535,,,
1.6916666666666667,3.3281688961300855,,,
1.6944444444444444,3.326317558286738,,,
1.6972222222222222,3.3244096915260637,,,
1.7,3.322442223568727,,,
1.7027777777777777,3.3204120284928735,,,
1.7055555555555555,3.3183159393746005,,,
1.7083333333333333,3.3161507630787943,,,
1.711111111111111,3.3139132973297745,,,
1.7138888888888888,3.311600350169167,,,
1.7166666666666666,3.3092087618788066,,,
1.7194444444444446,3.3067354294086493,,,
1.7222222222222223,3.3041773333025786,,,
1.725,3.301531567058611,,,
1.7277777777777779,3.298795368793757,,,
1.7305555555555556,3.2959661550081503,,,
1.7333333333333334,3.2930415561586215,,,
1.7361111111111112,3.2900194536599185,,,
1.738888888888889,3.2868980178343326,,,
1.7416666666666667,3.283675746229846,,,
1.7444444444444445,3.2803515016270803,,,
1.7472222222222222,3.2769245489652974,,,
1.75,3.2733945902981896,,,
1.7527777777777778,3.2697617969000023,,,
1.7555555555555555,3.2660268374866934,,,
1.7583333333333333,3.2621909015639923,,,
1.761111111111111,3.258255716894665,,,
1.7638888888888888,3.254223560120099,,,
1.7666666666666666,3.250097259651865,,,
1.7694444444444444,3.24588019006931,,,
1.7722222222222221,3.241576257420638,,,
1.775,3.237189875024181,,,
1.7777777777777777,3.2327259295994555,,,
1.7805555555555554,3.228189737816429,,,
1.7833333333333334,3.223586993626996,,,
1.7861111111111112,3.218923707023496,,,
1.788888888888889,3.214206135142621,,,
1.7916666666666667,3.2094407068864204,,,
1.7944444444444445,3.204633942452112,,,
1.7972222222222223,3.199792369338015,,,
1.8,3.1949224365145685,,,
1.8027777777777778,3.1900304285098855,,,
1.8055555555555556,3.1851223811569858,,,
1.8083333333333333,3.1802040006784664,,,
1.8111111111111111,3.1752805876656325,,,
1.8138888888888889,3.1703569673199254,,,
1.8166666666666667,3.1654374271016974,,,
1.8194444444444444,3.16052566266949,,,
1.8222222222222222,3.155624732749425,,,
1.825,3.150737023236613,,,
1.8277777777777777,3.1458642206028804,,,
1.8305555555555555,3.1410072944070144,,,
1.8333333333333333,3.136166488476386,,,
1.836111111111111,3.1313413201318068,,,
1.8388888888888888,3.126530586669282,,,
1.8416666666666666,3.1217323781942796,,,
1.8444444444444446,3.116944095827278,,,
1.8472222222222223,3.1121624742608995,,,
1.85,3.1073836076455885,,,
1.8527777777777779,3.1026029778082695,,,
1.8555555555555556,3.09781548386076,,,
1.8583333333333334,3.0930154723269383,,,
1.8611111111111112,3.0881967670036534,,,
1.863888888888889,3.083352697865498,,,
1.8666666666666667,3.078476128422371,,,
1.8694444444444445,3.073559481037976,,,
1.8722222222222222,3.068594759813103,,,
1.875,3.0635735707275633,,,
1.8777777777777778,3.0584871388168366,,,
1.8805555555555555,3.0533263222327984,,,
1.8833333333333333,3.0480816231016092,,,
1.886111111111111,3.0427431951458317,,,
1.8888888888888888,3.0373008480822636,,,
1.8916666666666666,3.031744048842161,,,
1.8944444444444444,3.026061919687569,,,
1.8972222222222221,3.0202432333167284,,,
1.9,3.014276405064308,,,
1.9027777777777777,3.00814948230881,,,
1.9055555555555554,3.001850131201718,,,
1.9083333333333334,2.9953656208307042,,,
1.9111111111111112,2.988682804925312,,,
1.913888888888889,2.981788101196299,,,
1.9166666666666667,2.974667468412374,,,
1.9194444444444445,2.9673063812775613,,,
1.9222222222222223,2.9596898031800114,,,
1.925,2.9518021568629655,,,
1.9277777777777778,2.9436272930553704,,,
1.9305555555555556,2.935148457086049,,,
1.9333333333333333,2.9263482534912892,,,
1.9361111111111111,2.917208608611863,,,
1.9388888888888889,2.907710731161935,,,
1.9416666666666667,2.897835070738714,,,
1.9444444444444444,2.887561274228204,,,
1.9472222222222222,2.8768681400494827,,,
1.95,2.86573357016633,,,
1.9527777777777777,2.8541345197821557,,,
1.9555555555555555,2.8420469446205208,,,
1.9583333333333333,2.8294457456799065,,,
1.961111111111111,2.8163047113372035,,,
1.9638888888888888,2.802596456659386,,,
1.9666666666666666,2.7882923597671017,,,
1.9694444444444446,2.773362495076814,,,
1.9722222222222223,2.757775563228466,,,
1.975,2.741498817487054,,,
1.9777777777777779,2.72449798638101,,,
1.9805555555555556,2.7067371923136885,,,
1.9833333333333334,2.6881788658521266,,,
1.9861111111111112,2.668783655369925,,,
1.988888888888889,2.6485103316626915,,,
1.9916666666666667,2.6273156871166212,,,
1.9944444444444445,2.605154428943042,,,
1.9972222222222222,2.5819790659169666,,,
2.0,2.557739787963542,,,
2.0027777777777778,2.532384337819117,,,
2.0055555555555555,2.5058578738449304,,,
2.006151381099219,2.5000100113905455,,,
