time_h,voltage_0.5C,temperature_0.5C,voltage_1C,temperature_1C,voltage_2C,temperature_2C,voltage_3C,temperature_3C
0.0,4.090477280497714,298.15,4.037726549187173,298.15,3.965328922247954,298.15,3.90978484075577,298.15
0.002777777777777778,4.070347589938014,298.2031874963586,3.999467094472456,298.31871821886426,3.896547180378059,298.66105000327207,3.81929896487976,299.12008600617247
0.005555555555555556,4.058123641059549,298.2568484007353,3.9787424520322734,298.48970604161156,3.8706893380712475,299.18564659122956,3.790778738479801,300.1316138989718
0.008333333333333333,4.049410859113525,298.31064625375717,3.965840257485508,298.661712781127,3.858339085865416,299.7189747600279,3.7630529462694096,301.1820997890477
0.011111111111111112,4.042689076413314,298.3643218974807,3.9573284580045343,298.83369482349127,3.8487312798458486,300.2573728039816,3.731768538933511,302.27026392432214
0.013888888888888888,4.037277536292304,298.4176869632898,3.951600373253611,299.0048754392163,3.8395482420961162,300.7989068906453,3.6990188232203285,303.3913418712534
0.016666666666666666,4.03280487927123,298.4706063241173,3.947721116102005,299.17469668162175,3.8302369720644034,301.3420321007536,3.667401278565647,304.539031819184
0.019444444444444445,4.029040867271266,298.52298382355514,3.945062158018704,299.3427682461163,3.820613435678653,301.8851035888769,3.6385899888586017,305.7062654431007
0.022222222222222223,4.025833104044489,298.57475171704664,3.9431776384314814,299.50882650524557,3.8107292110797863,302.4263984804121,3.6131839371203163,306.8856092256687
0.025,4.023073746752672,298.6258630173123,3.941760598488036,299.6727022453882,3.8007801081835546,302.9643158040653,3.5908068261773414,308.0703350809203
0.027777777777777776,4.020683337080689,298.6762858975804,3.9406189583483284,299.8342964313562,3.790978386326587,303.4974062342471,3.5704109263801405,309.255588754541
0.030555555555555555,4.018602153735514,298.72599970312416,3.9396367505330607,299.99356036962695,3.781500387701137,304.02446845835595,3.5509151350341677,310.4388257917103
0.03333333333333333,4.016783277075044,298.77499198394503,3.938740229963013,300.15047788548054,3.772464186460682,304.54454918568786,3.531553362785786,311.6192512783045
0.03611111111111111,4.015189711835623,298.82325634122725,3.937876000750726,300.3050512259875,3.7639295627165437,305.0569172530236,3.511881516115734,312.79691351082755
0.03888888888888889,4.013791250485735,298.8707908719282,3.937001509078688,300.4572924677017,3.7559193456895477,305.56103594195247,3.4917592100087465,313.9719531016723
0.041666666666666664,4.012563008767887,298.91759695883235,3.9360819159500644,300.6072172386868,3.7484025235990046,306.0565380078575,3.471300045083791,315.14409763750837
0.044444444444444446,4.011484025119128,298.9636784621617,3.9350865402613633,300.75484178399006,3.741364908937199,306.543203515799,3.450903618824882,316.312337998171
0.04722222222222222,4.010536381306674,299.009041051825,3.933990373027471,300.90018013934696,3.7347541422319686,307.0209299057891,3.4310724372602044,317.4748464701093
0.05,4.009704542182401,299.05369172589656,3.9327738867672393,301.0432436127256,3.7285203793703046,307.4897083612189,3.412308514957416,318.62929288639174
0.05277777777777778,4.008974653443825,299.09763847315895,3.9314235648916007,301.1840404026274,3.722598045942723,307.9496130629478,3.3948920115122476,319.7733086509717
0.05555555555555555,4.008334406547685,299.1408903411608,3.9299317574957886,301.3225777433336,3.716927319265213,308.4007833830671,3.378899505189084,320.9048821711075
0.058333333333333334,4.007772464162207,299.1834563535735,3.928296269357694,301.45886364931516,3.711437457303672,308.843425743744,3.364261342887044,322.02249066149614
0.06111111111111111,4.007279527074429,299.22534598820727,3.9265162730518286,301.5929092361852,3.706061744538323,309.27780556306817,3.350830502306731,323.12505112761914
0.06388888888888888,4.006846551587349,299.26657009632277,3.9246002407510034,301.7247284405367,3.7007430546695197,309.70424345372385,3.3384677972061056,324.2118600552578
0.06666666666666667,4.006463806642397,299.30713834273536,3.922550223062459,301.85433873548624,3.6954393145181137,310.12310446564067,3.3270429901061584,325.282480863094
0.06944444444444445,4.006124960680987,299.34706132968086,3.920384707441852,301.9817607237997,3.690118658254173,310.5347797564618,3.31644147308249,326.3366458621812
0.07222222222222222,4.0058216192361416,299.38635042912387,3.9181100468778984,302.107017794764,3.684758733178934,310.9396735466088,3.3065562330786187,327.37421628972186
0.075,4.005548506618154,299.4250154232802,3.915735858706996,302.23013572210454,3.6793421744515884,311.3381867294637,3.297284450921182,328.39533420451727
0.07777777777777778,4.005300131389617,299.46306805803266,3.9132767791863836,302.35114284594346,3.6738572307427386,311.730707622777,3.2885350118460757,329.39991445169267
0.08055555555555556,4.005071434839083,299.500518112998,3.9107409343329973,302.4700699192329,3.6682952334009324,312.1176033801961,3.280204372626626,330.3883983456722
0.08333333333333333,4.004859109719739,299.53737667567583,3.908143361733082,302.5869477626619,3.6626509113303607,312.499213319122,3.2722049499821306,331.36078347605803
0.08611111111111111,4.004656383862555,299.573654857653,3.905488287984098,302.70180861216323,3.6569215541603937,312.8758498569715,3.2644301940926264,332.3175644266054
0.08888888888888889,4.0044627632707535,299.60936241380165,3.9027905769111957,302.8146848976853,3.6511070943279273,313.2477878685464,3.2567740257948232,333.25946269981154
0.09166666666666666,4.004274344156602,299.64451049505254,3.900058404946757,302.92560932496997,3.645209255172354,313.61523921895775,3.2491383097288766,334.18665072577784
0.09444444444444444,4.004089748178629,299.6791089322089,3.8973003303480844,303.0346144992018,3.6392315213419897,313.97839743357304,3.241418052947732,335.0999875018149
0.09722222222222222,4.003904494327431,299.71316783223546,3.894523003767463,303.1417332455113,3.633179314012124,314.3374202847087,3.23352121419455,336.00008567572246
0.1,4.003719316065968,299.74669696155286,3.891733563084255,303.24699811901553,3.627058876941269,314.6924171840978,3.2253711302814945,336.88780513967544
0.10277777777777777,4.003530396375501,299.7797053762104,3.8889389995332406,303.3504414464401,3.620878129447292,315.0434589037167,3.2169087376189043,337.76390457066685
0.10555555555555556,4.003337544698968,299.8122029164251,3.886144697488292,303.4520952149551,3.614645315583254,315.3905790552164,3.208084843384074,338.62926606686426
0.10833333333333334,4.003136367927885,299.8441981182111,3.883356241024029,303.55199139816415,3.6083695845405366,315.73377601301985,3.1988585185632976,339.48477239791623
0.1111111111111111,4.002928949930048,299.87569986829106,3.880577133131254,303.6501608107025,3.6020609670269295,316.0730191387128,3.189200447808627,340.3315104142703
0.11388888888888889,4.00271037005822,299.90671634254267,3.877812099651459,303.7466347753474,3.595729999100299,316.40824854292896,3.179077945486292,341.17035454417567
0.11666666666666667,4.002481208735507,299.9372555018672,3.8750642164898093,303.8414431848324,3.589388508390223,316.73938469499325,3.168464062022452,342.0024482706014
0.11944444444444445,4.00224098853778,299.967325219663,3.8723368272614396,303.9346162218676,3.583049063011912,317.0663302247829,3.157329905103919,342.8288416186896
0.12222222222222222,4.001984932260507,299.99693296491097,3.869632377924022,304.0261832111745,3.576724834577176,317.38897368043246,3.1456449643505637,343.65061562389377
0.125,4.001714888264682,300.02608551887295,3.8669529432455123,304.11617315801305,3.570429716198307,317.7071950904369,3.1333756446625185,344.46909225646397
0.12777777777777777,4.0014274654025686,300.05479010844886,3.864300009992059,304.20461447817297,3.5641784662286766,318.02087054296715,3.1204792084380504,345.2856069072711
0.13055555555555556,4.001122919740665,300.0830528150239,3.861675271869765,304.2915349510586,3.557987798169408,318.3298770179698,3.106903975803486,346.1017031998401
0.13333333333333333,4.0008000763718155,300.11088016097455,3.8590797852261955,304.3769619763472,3.5518709742967687,318.6340974538017,3.0925767651731935,346.91891686933195
0.1361111111111111,4.0004565836769235,300.13827856429475,3.8565143556399835,304.46092270478147,3.5458441780203196,318.9334252421175,3.0773893190724175,347.73905432347846
0.1388888888888889,4.00009244192807,300.1652533632169,3.853979443424753,304.5434436379793,3.5399214113717,319.2277679936276,3.0611691366687013,348.56434493945005
0.14166666666666666,3.999707128323229,300.19181060674686,3.8514751749073843,304.62455084854463,3.534114825634169,319.51705089211845,3.0436265412740084,349.39768419344546
0.14444444444444443,3.999299022216608,300.2179555217849,3.849001355484332,304.7042699715377,3.5284358389326957,319.8012164194308,3.0242531664587284,350.24345117022796
0.14722222222222223,3.9988677773952386,300.2436936104014,3.8465575747295384,304.78262621312615,3.5228932495112053,320.0802290919425,3.0021195863882415,351.1078062505223
0.15,3.99841370309575,300.26903043799143,3.844144108164101,304.8596446240374,3.5174920938665215,320.35407291109937,2.9755428482427986,352.0009087450588
0.1527777777777778,3.9979351704722115,300.2939706913578,3.8417600390239217,304.9353495405881,3.512236876475436,320.6227529038093,2.9410123502804595,352.9395230028579
0.15555555555555556,3.997433549268736,300.3185197836003,3.8394045664420564,305.0097649740059,3.5071268485179194,320.8862937426415,2.889817388225164,353.9567942141178
0.15833333333333333,3.9969055942472327,300.342682761979,3.8370754320166656,305.0829155251229,3.5021602132692182,321.14473894161995,2.7833795382082007,355.13555725094284
0.1598071012586446,,,,,,,2.5000099999999996,355.947547841632
0.16111111111111112,3.9963541030006167,300.3664644937384,3.834770375283862,305.1548252153518,3.497332118320772,321.3981493482609,,
0.1638888888888889,3.99577630367745,300.3898701080039,3.832487452102384,305.2255172309632,3.492635615633096,321.64659836428245,,
0.16666666666666666,3.9951740022968125,300.4128502201404,3.830228514524256,305.2949102801594,3.4880618856267613,321.8900598506039,,
0.16944444444444445,3.9945476472314425,300.4354439450389,3.8279890435032966,305.36322987368834,3.4835992344325106,322.12886769830374,,
0.17222222222222222,3.9938962875340405,300.45771413992526,3.825766779095453,305.4304171704725,3.4792366483691484,322.36300368661045,,
0.175,3.9932198987072223,300.47966388710273,3.8235592793300226,305.4964802210663,3.47496157397046,322.5925743789252,,
0.17777777777777778,3.9925190668788266,300.50126614942684,3.82136379939657,305.56144407803396,3.470760484100178,322.8176934032548,,
0.18055555555555555,3.991794216700769,300.5225222835703,3.819177798977411,305.6253306815659,3.4666201138331623,323.0384802553427,,
0.18333333333333332,3.9910456709275777,300.5434374602311,3.8169984708123565,305.6881633215581,3.4625273298755532,323.25505185829616,,
0.18611111111111112,3.990273641600899,300.56401448258106,3.814823192602568,305.7499652550773,3.4584693712890053,323.4675191673981,,
0.18888888888888888,3.9894788347416865,300.58426063595135,3.812649313446357,305.81076278666796,3.4544334402832546,323.67598980315637,,
0.19166666666666668,3.9886614887990275,300.6041781968358,3.8104746468482826,305.87058206432897,3.4504133377045876,323.88056980868083,,
0.19444444444444445,3.98782206513909,300.6237718239092,3.808297094128789,305.92945016941616,3.446396764929566,324.0813630597125,,
0.19722222222222222,3.9869612834828394,300.643047089369,3.806114578991057,305.9873944228517,3.442379442447905,324.27847499966094,,
0.2,3.986079574708796,300.6620075327794,3.803925100902096,306.04444180164535,3.4383596260360263,324.4720166966522,,
0.20277777777777778,3.985177446541714,300.6806573249778,3.801727999228909,306.1006195414916,3.434334013141984,324.6621106326733,,
0.20555555555555555,3.9842556244880685,300.699001775537,3.7995219189806844,306.1559546703785,3.4303018564786836,324.84889687919036,,
0.20833333333333334,3.9833146868900835,300.717045440378,3.797306853067072,306.21047392974333,3.4262650147424134,325.0325383172026,,
0.2111111111111111,3.982355188864683,300.7347927564814,3.7950818192129683,306.26420406083764,3.422221577584817,325.2132184664776,,
0.21388888888888888,3.9813775760656056,300.7522484612212,3.7928453721110653,306.31717156669464,3.418170228161827,325.39113901309025,,
0.21666666666666667,3.9803823342968436,300.76941725057674,3.7905976034043785,306.36940244858033,3.4141098847877,325.5665158666396,,
0.21944444444444444,3.9793700501366818,300.7863037166279,3.788338530340252,306.42092240616296,3.410035850611547,325.73957421459073,,
0.2222222222222222,3.9783416430908103,300.8029120794826,3.786066671358464,306.47175601243293,3.405944650760885,325.9105440446361,,
0.225,3.977298271276347,300.81924629537025,3.7837818650963997,306.5219274114321,3.4018302912982614,326.07965871189,,
0.22777777777777777,3.9762403961222255,300.83531109098146,3.7814868136044746,306.5714588345194,3.397690551044935,326.24714786753094,,
0.23055555555555557,3.9751683724770412,300.8511105472785,3.7791805625748216,306.62037204764556,3.393522992916708,326.413232527444,,
0.23333333333333334,3.9740815608958417,300.86664785711,3.77685822175519,306.6686874227774,3.3893214226946817,326.57812688234617,,
0.2361111111111111,3.972980919707279,300.88192764047335,3.7745220796667,306.716423998599,3.3850866204072214,326.742035996995,,
0.2388888888888889,3.9718670664367783,300.89695388155064,3.7721736196667424,306.76360092673116,3.3808156705515695,326.90515165656575,,
0.24166666666666667,3.9707429657558015,300.91172920463976,3.769812790494928,306.8102347842494,3.3765082395526367,327.0676557273268,,
0.24444444444444444,3.9696085512807375,300.9262579901649,3.7674387508699736,306.8563417757488,3.3721635721951397,327.22971722497715,,
0.24722222222222223,3.9684647606109085,300.94054403686476,3.765049547681379,306.90193565977705,3.367784915904492,327.3914890731164,,
0.25,3.9673103532776786,300.95459089954636,3.7626470028316863,306.94702947983575,3.363370018227511,327.55311569015214,,
0.25277777777777777,3.9661464592159748,300.96840239848893,3.76023037690596,306.9916361565908,3.358922810716251,327.7147260615792,,
0.25555555555555554,3.9649736235066735,300.98198226744205,3.7577972592289344,307.0357653192116,3.3544453899257363,327.8764376908242,,
0.25833333333333336,3.963792055817539,300.9953338795497,3.755348896306118,307.0794266131849,3.3499386480066518,328.03835362230654,,
0.2611111111111111,3.962602263835456,301.0084610263942,3.7528858321438907,307.12262888477136,3.345407868583707,328.20056223412246,,
0.2638888888888889,3.961404927017294,301.02136725030897,3.7504071252857765,307.16537894092204,3.3408542106807317,328.3631442099425,,
0.26666666666666666,3.9602018451763,301.0340555967587,3.7479122333641666,307.2076828517745,3.3362827401135693,328.52616736165766,,
0.26944444444444443,3.9589933119678773,301.0465297791765,3.745400156430526,307.2495445942852,3.3316960875453816,328.6896886995521,,
0.2722222222222222,3.957779476052725,301.05879304176494,3.742870653210681,307.29096792856996,3.3270982117212142,328.8537538882042,,
0.275,3.956559475078957,301.07084823410923,3.7403233603195263,307.3319558888105,3.322493492526165,329.0183965430858,,
0.2777777777777778,3.9553341915347957,301.0826988868384,3.7377580179060903,307.3725100074514,3.3178854532167144,329.183640269897,,
0.28055555555555556,3.9541044525197115,301.09434809200985,3.735173757656026,307.4126310234442,3.313275919814671,329.3495041594566,,
0.2833333333333333,3.9528713062002847,301.1057988626891,3.7325697121184183,307.45231847047404,3.3086700563644027,329.515999618025,,
0.2861111111111111,3.951635023755695,301.1170544895759,3.7299467549277674,307.49156994124127,3.304070310623493,329.6831291362274,,
0.28888888888888886,3.95039599043853,301.12811792234345,3.7273036570549207,307.5303832115578,3.299479733679858,329.8508871752922,,
0.2916666666666667,3.949154644368833,301.1389921753359,3.7246376387226126,307.5687561555415,3.2948969503047314,330.0192678832385,,
0.29444444444444445,3.947911542272181,301.14968040798425,3.7219500507945793,307.6066849962526,3.290325504701404,330.1882622074864,,
0.2972222222222222,3.9466665826656326,301.1601851562629,3.719240781620522,307.64416501182325,3.285764520108372,330.3578598450075,,
0.3,3.945420093789301,301.1705093517271,3.716509530411274,307.6811902388875,3.2812121329600963,330.528049550422,,
0.30277777777777776,3.944172475497516,301.18065599185593,3.7137551749765882,307.7177539618558,3.2766677827727855,330.6988219886632,,
0.3055555555555556,3.9429246293943607,301.1906273886421,3.7109769612990653,307.75384942294926,3.2721274726366367,330.87017065476357,,
0.30833333333333335,3.9416768537909697,301.20042647334776,3.708174692307032,307.7894686019947,3.267587947027997,331.0420937503836,,
0.3111111111111111,3.9404295160815193,301.21005600542037,3.705347831953593,307.8246028574551,3.263045233652899,331.2145935054064,,
0.3138888888888889,3.9391819992631714,301.2195183647274,3.702495975064327,307.85924264054546,3.25849343484216,331.38767762301046,,
0.31666666666666665,3.937934870602257,301.2288163571632,3.699619233885269,307.89337735234926,3.2539263579059483,331.5613612935489,,
0.3194444444444444,3.9366885463520953,301.23795403218776,3.6967173082724316,307.92699630835017,3.249338474315171,331.73566626705207,,
0.32222222222222224,3.9354438978072084,301.2469370481902,3.693789778121732,307.9600860212056,3.2447232147069185,331.91061836597066,,
0.325,3.934200402425377,301.2557617594233,3.6908375772004343,307.9926338725285,3.2400734063683316,332.08624888994854,,
0.3277777777777778,3.9329583640946826,301.2644287519615,3.68786124160352,308.02462610851654,3.2353831302099363,332.26259230395135,,
0.33055555555555555,3.9317187127952025,301.27290767844397,3.6848615333285233,308.0559996983187,3.230646128237816,332.4396969541328,,
0.3333333333333333,3.9304812560645175,301.2812060106722,3.6818375630043674,308.08683498544815,3.2258541213280916,332.6175693183233,,
0.33611111111111114,3.9292460755742935,301.28936225375753,3.6787914690111445,308.1170759741633,3.221000872088631,332.79625164671705,,
0.3388888888888889,3.928013132894251,301.2974029398494,3.6757250087217863,308.1467003682501,3.2160788237939357,332.9757653795139,,
0.3416666666666667,3.9267829643361596,301.30532292726025,3.6726402015614292,308.1756970535504,3.211080029825169,333.1561240570906,,
0.34444444444444444,3.9255557499716813,301.31311182811146,3.6695396990250493,308.2040527361702,3.205995430642349,333.33732581234716,,
0.3472222222222222,3.9243314971572945,301.3207696889354,3.666426791343487,308.2317565839621,3.2008157341520973,333.5193483418918,,
0.35,3.9231103751714196,301.3282909125125,3.66330485884167,308.25879909115355,3.1955300833018114,333.7021430747338,,
0.3527777777777778,3.921892502343904,301.3356797670279,3.660178185890584,308.28517131391465,3.1901272167638326,333.8856349678085,,
0.35555555555555557,3.9206781471463077,301.34293936171457,3.6570511989217884,308.3108685462137,3.184593214871229,334.06972551220315,,
0.35833333333333334,3.9194672041134195,301.35006847515484,3.6539285980620813,308.33588789203833,3.1789153547359374,334.2542750607042,,
0.3611111111111111,3.9182597075159555,301.357067744531,3.6508154189387634,308.36023322707354,3.173079419172791,334.43911026669537,,
0.3638888888888889,3.91705621064974,301.3639474570607,3.6477162818470923,308.38390923404967,3.1670747421362657,334.624045126383,,
0.36666666666666664,3.915856399153916,301.37070176795277,3.6446357989225584,308.40692482979307,3.160890319960964,334.80888464446605,,
0.36944444444444446,3.9146602730284847,301.37733067720717,3.641578141376956,308.42929292409906,3.1545199637353125,334.9934465203153,,
0.37222222222222223,3.9134680928950414,301.38384284988797,3.638546881258852,308.4510272389521,3.1479609303832774,335.1775910570665,,
0.375,3.9122798903177958,301.3902393354317,3.635544146506218,308.47214940081125,3.1412131181586602,335.36124393008004,,
0.37777777777777777,3.911095565854155,301.396516827603,3.632573611973198,308.4926788348159,3.1342786449326203,335.54442461504783,,
0.38055555555555554,3.90991514730204,301.4026782982364,3.6296371257635496,308.5126379369901,3.1271615915312556,335.72724367460626,,
0.38333333333333336,3.9087387247961605,301.4087333835017,3.626734536315258,308.53204828721556,3.119864942768018,335.9099013298185,,
0.3861111111111111,3.9075662396408446,301.41467580833074,3.6238697271534512,308.55093192387363,3.1123930314612878,336.09268007297646,,
0.3888888888888889,3.9063976918360925,301.42050557272347,3.621043890154205,308.56931152030137,3.1047510692084765,336.2759396095862,,
0.39166666666666666,3.90523299065625,301.42622951649946,3.6182543772007634,308.5872101186543,3.0969438257048822,336.46009676095355,,
0.39444444444444443,3.9040721322821517,301.43184792758626,3.61550276993618,308.60465016509016,3.0889778692521013,336.64560532591236,,
0.3972222222222222,3.902915107842396,301.43736147479984,3.612789312161155,308.6216539131544,3.0808622266476062,336.83293333594685,,
0.4,3.9017617992732996,301.44277252069674,3.6101142607504118,308.6382425273965,3.072601985922492,337.02255988800596,,
0.4027777777777778,3.9006120206236528,301.448084034499,3.6074769498374417,308.6544359828987,3.064200016021836,337.2149554334757,,
0.40555555555555556,3.8994657840360123,301.4532972151959,3.6048771279046,308.67025393455606,3.0556512892259207,337.4105659347217,,
0.4083333333333333,3.8983230161372884,301.4584139570161,3.602314634743344,308.68571497475324,3.0469407975907155,337.60979744073245,,
0.4111111111111111,3.897183397539198,301.46343536071544,3.5997894033922653,308.7008351630055,3.038038800669124,337.81299081076764,,
0.41388888888888886,3.896046918885622,301.46836352699654,3.597298224207367,308.71563515506494,3.0288905051473565,338.0203910613345,,
0.4166666666666667,3.894913467653771,301.47320022381854,3.5948428434463384,308.73012992119055,3.0194102540707197,338.2320918252076,,
0.41944444444444445,3.893782822415197,301.47794708740105,3.5924264143466482,308.7443307433506,3.009460714632178,338.4479445718903,,
0.4222222222222222,3.8926547961921014,301.4826057956374,3.590040965666447,308.75825316442575,2.9988327378283923,338.66741322975673,,
0.425,3.891529284241177,301.4871781258973,3.587688782007983,308.77191272376155,2.9872294441889347,338.8893644709016,,
0.42777777777777776,3.8904061107642964,301.4916657334414,3.585370320367601,308.78532172539155,2.9743066233291566,339.11189694535034,,
0.4305555555555556,3.8892849808657903,301.4960699777506,3.5830829813315916,308.798493333665,2.9598302216447365,339.33243890267215,,
0.43333333333333335,3.8881657801215104,301.5003926665084,3.5808276337291605,308.8114372087192,2.9438648571176183,339.5483595004346,,
0.4361111111111111,3.8870483302202468,301.50463544873395,3.5786008667996727,308.8241682719615,2.926756553653054,339.75770561936116,,
0.4388888888888889,3.8859323594521946,301.5088000147951,3.5764044323713424,308.8366955193516,2.9089296067935564,339.95953878960364,,
0.44166666666666665,3.8848176507846315,301.5128880308535,3.5742356844726255,308.84902821504016,2.890681996177248,340.15386128634464,,
0.4444444444444444,3.883703989052062,301.51690116224455,3.5720935644237954,308.8611756817561,2.8721377891863415,340.3414133246272,,
0.44722222222222224,3.882591137918724,301.5208410836756,3.569977684718944,308.87314757355625,2.853258198773032,340.5234786457231,,
0.45,3.8814788532291074,301.5247094733159,3.5678860553505514,308.8849539517016,2.833863851847827,340.70169561368573,,
0.4527777777777778,3.8803668830079543,301.52850801279664,3.5658185799258075,308.89660356434115,2.8136868895555978,340.8779020550264,,
0.45555555555555555,3.879254967460257,301.5322383872111,3.563773050286614,308.90810428939943,2.7923816200475677,341.0539966701997,,
0.4583333333333333,3.878143206797093,301.5359023502646,3.5617493609887645,308.9194645709091,2.769508245086935,341.231797070159,,
0.46111111111111114,3.8770311914882063,301.5395015702226,3.5597452272411867,308.93069345211467,2.7445069849642456,341.41291594804886,,
0.4638888888888889,3.875918699804699,301.54303775346153,3.5577597842735766,308.9417982196788,2.7166655125417014,341.59869075494015,,
0.4666666666666667,3.87480551124213,301.5465126114216,3.5557923095044086,308.95278657655643,2.6851107861753736,341.7901621120478,,
0.46944444444444444,3.8736914044219315,301.54992786023485,3.553841276661462,308.9636665448527,2.648814940075364,341.9881389117485,,
0.4722222222222222,3.872576157091416,301.5532852207261,3.55190532725466,308.97444622790965,2.606585396482513,342.1932957069549,,
0.475,3.8714598962900997,301.55658734726904,3.549983719276132,308.9851333050475,2.5570278579594055,342.4063533721046,,
0.47771298898975534,,,,,2.5000100000000005,342.6228990666197,,
0.4777777777777778,3.8703423310106944,301.55983579233015,3.5480748540940614,308.9957360353859,,,,
0.48055555555555557,3.869223253197569,301.5630323354258,3.5461782530031956,309.0062622299169,,,,
0.48333333333333334,3.8681025032078056,301.5661788915035,3.5442921487242622,309.01672016576055,,,,
0.4861111111111111,3.866979926416855,301.5692773958335,3.5424158256493934,309.0271162658763,,,,
0.4888888888888889,3.8658554692297455,301.57232986739933,3.5405484582147473,309.03745827156473,,,,
0.49166666666666664,3.864729207745812,301.57533842782397,3.538689206844147,309.04775266423877,,,,
0.49444444444444446,3.8636006989687877,301.57829831845294,3.5368365724444146,309.0580050566638,,,,
0.49722222222222223,3.8624701041727896,301.5812189707433,3.534990023445184,309.06822935373214,,,,
0.5,3.8613370570369714,301.58410727159026,3.5331487186080954,309.07843084035227,,,,
0.5027777777777778,3.8602015732805888,301.58696105124096,3.531311710620297,309.08861905470303,,,,
0.5055555555555555,3.859063610649226,301.5897814805707,3.529478539195157,309.0987994349002,,,,
0.5083333333333333,3.8579230909458446,301.59256987524896,3.5276480867172344,309.10898068277817,,,,
0.5111111111111111,3.8567798765154837,301.59532897630993,3.5258199818829308,309.11916753429443,,,,
0.5138888888888888,3.855633959465311,301.5980591367086,3.5239935480229754,309.1293671193238,,,,
0.5166666666666667,3.8544852167401826,301.6007632807684,3.522167807360897,309.13959141053556,,,,
0.5194444444444445,3.853333596136146,301.60344279338176,3.5203427493158186,309.1498405203226,,,,
0.5222222222222223,3.852179045409561,301.606098995105,3.5185173718250287,309.1601262897389,,,,
0.525,3.8510214501004665,301.6087341508419,3.516691257904717,309.17045364659174,,,,
0.5277777777777778,3.8498607499104525,301.6113495172943,3.514863878920859,309.180829582253,,,,
0.5305555555555556,3.8486968717897216,301.61394661692094,3.513034984645185,309.19126324270803,,,,
0.5333333333333333,3.847529730907441,301.6165271693435,3.5112039811454014,309.2017611139785,,,,
0.5361111111111111,3.8463592423279422,301.61909289585583,3.5093704662145004,309.21233034839844,,,,
0.5388888888888889,3.845185330980194,301.6216453604081,3.507534287276031,309.2229774515119,,,,
0.5416666666666666,3.844007917398228,301.62418610017994,3.5056949272316933,309.23370987333453,,,,
0.5444444444444444,3.842826922201125,301.62671613996116,3.503851954518038,309.244533922179,,,,
0.5472222222222223,3.841642265884284,301.6292372496631,3.5020048815059974,309.2554546739837,,,,
0.55,3.8404538689863132,301.6317509389159,3.5001533201534665,309.2664793937006,,,,
0.5527777777777778,3.83926151070522,301.63425718840637,3.498297224398722,309.2776138445482,,,,
0.5555555555555556,3.8380650878927716,301.63675725153365,3.496436757265619,309.2888633877598,,,,
0.5583333333333333,3.8368645116328217,301.6392525356517,3.494571481937588,309.30023453781456,,,,
0.5611111111111111,3.835659686466798,301.6417437492053,3.4927007176813536,309.3117316567975,,,,
0.5638888888888889,3.8344505350175373,301.6442311523684,3.490823805276068,309.3233591843405,,,,
0.5666666666666667,3.833236937178934,301.64671606464407,3.488940514315842,309.3351231058483,,,,
0.5694444444444444,3.8320187873474914,301.649199377593,3.487051042737728,309.3470277117969,,,,
0.5722222222222222,3.8307956062195636,301.65167948799973,3.485155536777994,309.35907737810055,,,,
0.575,3.8295673765325278,301.65415787717734,3.4832539670259264,309.37127677093736,,,,
0.5777777777777777,3.828333928541447,301.6566350084863,3.4813454043382803,309.38362950423965,,,,
0.5805555555555556,3.827095130561198,301.65911064963547,3.479429495354447,309.39613932338614,,,,
0.5833333333333334,3.8258508534571156,301.66158452171686,3.4775059630608354,309.4088098070914,,,,
0.5861111111111111,3.824600942235633,301.6640568184676,3.47557530687156,309.42164431989,,,,
0.5888888888888889,3.8233452251303337,301.66652733433017,3.4736373199380024,309.43464591361453,,,,
0.5916666666666667,3.8220833658095765,301.668995498239,3.4716919440061114,309.44781739736936,,,,
0.5944444444444444,3.8208152223142733,301.67146096935727,3.469737630947532,309.4611603338112,,,,
0.5972222222222222,3.8195405735687773,301.6739231831615,3.4677741976859435,309.4746769050559,,,,
0.6,3.8182592411869685,301.6763811049522,3.465801160169144,309.48836874318386,,,,
0.6027777777777777,3.8169710036207825,301.67883382057744,3.4638200440522686,309.5022377163918,,,,
0.6055555555555555,3.815675631320871,301.6812802945014,3.4618304323705065,309.51628487101937,,,,
0.6083333333333333,3.8143728219617126,301.6837192083504,3.459832220496921,309.5305110475049,,,,
0.6111111111111112,3.813062181646562,301.68614898893765,3.4578235636137764,309.54491636868687,,,,
0.6138888888888889,3.811743442347933,301.6885681029258,3.4558044821753775,309.55950110839865,,,,
0.6166666666666667,3.810416278686868,301.6909747891969,3.453775032301705,309.5742649972203,,,,
0.6194444444444445,3.8090809262660104,301.6933672474256,3.4517353213939437,309.5892074270415,,,,
0.6222222222222222,3.8077370200473295,301.6957434024295,3.4496849897954083,309.604327444526,,,,
0.625,3.8063844130859747,301.69810107025916,3.4476232946366503,309.61962256822767,,,,
0.6277777777777778,3.8050227401962964,301.7004378716219,3.445549989225828,309.6350908270454,,,,
0.6305555555555555,3.8036516740626567,301.7027512817423,3.443464780727937,309.65072960113133,,,,
0.6333333333333333,3.8022710319375124,301.7050386511335,3.4413675528145937,309.6665359689873,,,,
0.6361111111111111,3.8008806541633593,301.70729721509866,3.439257968973569,309.6825063660966,,,,
0.6388888888888888,3.7994807734700835,301.70952425742263,3.4371353605345245,309.6986364123128,,,,
0.6416666666666667,3.798071151162961,301.711716672636,3.4349992447065745,309.71492146422867,,,,
0.6444444444444445,3.796651749300107,301.71387130664067,3.4328491981832925,309.731356161265,,,,
0.6472222222222223,3.795222565843739,301.7159848310267,3.4306851328551478,309.74793358602653,,,,
0.65,3.7937836224491317,301.7180538092716,3.4285065898753917,309.7646470952395,,,,
0.6527777777777778,3.7923349704256486,301.7200746644248,3.4263127251427816,309.7814891735742,,,,
0.6555555555555556,3.7908760478004293,301.72204405619675,3.4241025713247915,309.79845166102416,,,,
0.6583333333333333,3.7894086646799527,301.72394995239546,3.4218769334723,309.8155327112902,,,,
0.6611111111111111,3.78793286824596,301.7257980050484,3.419634001282115,309.83270619102433,,,,
0.6638888888888889,3.7864481838061432,301.7275926710407,3.4173736620673507,309.84996717625825,,,,
0.6666666666666666,3.784955525236896,301.7293258065355,3.415095350016888,309.8673049459949,,,,
0.6694444444444444,3.7834555822422145,301.73099200675284,3.4127984853901627,309.88470669667635,,,,
0.6722222222222223,3.781949044399213,301.7325886276861,3.4104824550711283,309.90215802276276,,,,
0.675,3.7804366492579238,301.73411343727753,3.4081466907825027,309.9196447441635,,,,
0.6777777777777778,3.778919287327933,301.7355637575885,3.4057906017042994,309.9371501825364,,,,
0.6805555555555556,3.7773978082617177,301.73693769338996,3.4034137537385645,309.9546558750752,,,,
0.6833333333333333,3.7758731387886275,301.7382338811565,3.4010156506982483,309.97214325534435,,,,
0.6861111111111111,3.7743462577928524,301.73945128904376,3.3985957523053494,309.9895914682398,,,,
0.6888888888888889,3.772818132682092,301.7405888750718,3.3961539796668543,310.0069794302845,,,,
0.6916666666666667,3.771289793176419,301.7416465958113,3.3936901625539297,310.024285467408,,,,
0.6944444444444444,3.7697622117760368,301.7426240317632,3.3912037363245258,310.04148621070954,,,,
0.6972222222222222,3.768236348221813,301.743521827552,3.3886951296717296,310.0585586314197,,,,
0.7,3.7667131644568874,301.74434055263487,3.386165302563014,310.07547923902183,,,,
0.7027777777777777,3.7651935868215256,301.745081257781,3.383612930563374,310.0922246212596,,,,
0.7055555555555556,3.7636782971493634,301.7457454033616,3.381039528840957,310.10877133428767,,,,
0.7083333333333334,3.762168154536762,301.7463347709124,3.3784487810096495,310.12509641258214,,,,
0.7111111111111111,3.76066390796806,301.74685152339055,3.375839158746882,310.14117760035884,,,,
0.7138888888888889,3.7591659854786075,301.74729751671174,3.373212346290611,310.156993611281,,,,
0.7166666666666667,3.757674882772018,301.7476752367152,3.370570586423164,310.17252485174134,,,,
0.7194444444444444,3.756191093843542,301.7479876318953,3.3679146782274616,310.187754082188,,,,
0.7222222222222222,3.754714933819593,301.74823737659403,3.3652485021480496,310.20266658376113,,,,
0.725,3.7532465542283626,301.74842670572684,3.362574486826423,310.2172501583748,,,,
0.7277777777777777,3.751786158613347,301.7485591427254,3.359891964775599,310.2314955911699,,,,
0.7305555555555555,3.7503338166688214,301.7486379910375,3.3572056705818945,310.2453966418174,,,,
0.7333333333333333,3.748889543876407,301.7486649795238,3.354517443577727,310.25895127369523,,,,
0.7361111111111112,3.7474532416984454,301.7486437714306,3.3518289058080875,310.2721587680147,,,,
0.7388888888888889,3.746024739235992,301.7485775202334,3.3491416519861996,310.28502203652556,,,,
0.7416666666666667,3.74460392570717,301.7484686572401,3.3464573365973918,310.2975491972314,,,,
0.7444444444444445,3.7431906028101256,301.7483197233487,3.3437769145915723,310.30974962557724,,,,
0.7472222222222222,3.741784409066021,301.74813379528507,3.341100838383972,310.32163750378896,,,,
0.75,3.740385015246752,301.7479135393623,3.3384302365187475,310.3332300181124,,,,
0.7527777777777778,3.7389922352474025,301.747661063905,3.3357640391637227,310.34454628365654,,,,
0.7555555555555555,3.737605644236412,301.74737891537427,3.3331019762664003,310.35560724240094,,,,
0.7583333333333333,3.7362248742960658,301.74706930713546,3.330444679708707,310.36643682733774,,,,
0.7611111111111111,3.7348495662598546,301.74673447131727,3.3277879850776486,310.37706094537543,,,,
0.7638888888888888,3.7334793478127075,301.7463763644371,3.3251322093331446,310.38750693012497,,,,
0.7666666666666667,3.7321138547908506,301.745996799714,3.322476998624883,310.39780441248047,,,,
0.7694444444444445,3.730752700769142,301.74559762103206,3.319815794516444,310.40798437471125,,,,
0.7722222222222223,3.729395486963437,301.74518065728114,3.3171496027891836,310.41807833264227,,,,
0.775,3.7280418740067036,301.7447473792462,3.3144752267909245,310.42811848052145,,,,
0.7777777777777778,3.726691516622445,301.74429925191936,3.311789135675366,310.4381384050431,,,,
0.7805555555555556,3.7253440469759562,301.7438378162312,3.3090906813026315,310.44817328942423,,,,
0.7833333333333333,3.72399915897305,301.74336433378846,3.306372422274684,310.4582589286406,,,,
0.7861111111111111,3.722656554976526,301.7428800432746,3.303636114146998,310.4684312491821,,,,
0.7888888888888889,3.721315929649398,301.74238612963154,3.3008781269736756,310.4787262404042,,,,
0.7916666666666666,3.719977015281296,301.74188369374644,3.2980934583188306,310.48918006480505,,,,
0.7944444444444444,3.71863957658969,301.7413737631173,3.295279740350982,310.4998291702808,,,,
0.7972222222222223,3.7173033830351776,301.7408572947346,3.292433677488077,310.51071025855254,,,,
0.8,3.7159682012159427,301.7403351645613,3.2895524624470296,310.5218598035531,,,,
0.8027777777777778,3.714633859558649,301.73980821425397,3.2866320543944125,310.5333141233212,,,,
0.8055555555555556,3.7133001966739054,301.73927721882546,3.283669711931098,310.54510887874585,,,,
0.8083333333333333,3.7119670472461133,301.7387428870318,3.280660485509432,310.55727953781536,,,,
0.8111111111111111,3.7106342956339438,301.73820588735725,3.2776012686852054,310.5698607326164,,,,
0.8138888888888889,3.709301840515031,301.73766683583506,3.2744871432826645,310.58288644146296,,,,
0.8166666666666667,3.7079695925843073,301.7371263083677,3.271312865228282,310.59638971157943,,,,
0.8194444444444444,3.706637484438417,301.7365848395012,3.268073946197144,310.61040244450527,,,,
0.8222222222222222,3.705305429652479,301.7360429485366,3.2647643960192463,310.6249905014018,,,,
0.825,3.703973389975909,301.73550132444217,3.2613763691026687,310.64011096914317,,,,
0.8277777777777777,3.702641426509566,301.7349604191913,3.2579029391220553,310.65582933012536,,,,
0.8305555555555556,3.701309538331282,301.7344206323758,3.2543355013424025,310.6721652795005,,,,
0.8333333333333334,3.699977790605681,301.73388200642626,3.250663562873785,310.6891395544723,,,,
0.8361111111111111,3.6986462469021086,301.73334479948954,3.2468756024842165,310.7067663970079,,,,
0.8388888888888889,3.6973148837698897,301.7328094905935,3.2429577768482063,310.72505769697824,,,,
0.8416666666666667,3.695983761172868,301.73227633008844,3.2388943873723797,310.7440210611252,,,,
0.8444444444444444,3.69465294227817,301.7317456724285,3.2346670493664655,310.763655913065,,,,
0.8472222222222222,3.693322619741668,301.7312183039728,3.230255294199999,310.7839499065666,,,,
0.85,3.69199274216093,301.7306940053176,3.225632921157658,310.8048732492284,,,,
0.8527777777777777,3.6906633973554075,301.7301728972453,3.2207723262237966,310.8263913532573,,,,
0.8555555555555555,3.689335024236055,301.72965558341235,3.21564192529247,310.84845242337076,,,,
0.8583333333333333,3.6880073763389776,301.72914172484457,3.210208221642936,310.87098778061005,,,,
0.8611111111111112,3.6866807545834597,301.7286318151926,3.20443525673643,310.8939073687899,,,,
0.8638888888888889,3.6853554361630616,301.72812630918594,3.198291750820461,310.9171041642052,,,,
0.8666666666666667,3.6840312170333718,301.7276248720946,3.1917468274657996,310.9404563681031,,,,
0.8694444444444445,3.6827087579376885,301.72712816465446,3.1847816287134965,310.96383630005903,,,,
0.8722222222222222,3.681387974390111,301.7266361023806,3.1773900998163493,310.98711321080054,,,,
0.875,3.6800688315511723,301.726148644324,3.169578553343759,311.010168177183,,,,
0.8777777777777778,3.678752083654508,301.72566648391944,3.161368502717039,311.0328992428432,,,,
0.8805555555555555,3.677437361992151,301.7251892821806,3.152795913179242,311.0552254825042,,,,
0.8833333333333333,3.6761249082902454,301.7247171796835,3.1439064444939726,311.0770914637111,,,,
0.8861111111111111,3.674815254714223,301.7242504859091,3.1347529860799894,311.0984666328681,,,,
0.8888888888888888,3.6735084054302654,301.72378920328043,3.1253928001773397,311.1193424484862,,,,
0.8916666666666667,3.672204503795456,301.72333352348153,3.1158827609234283,311.1397315167593,,,,
0.8944444444444445,3.6709037131986935,301.7228836022971,3.106275444897748,311.15966234937036,,,,
0.8972222222222223,3.6696062156049267,301.7224395616039,3.096618190744734,311.1791758876253,,,,
0.9,3.6683122200210647,301.7220014495694,3.0869494948434086,311.1983229195838,,,,
0.9027777777777778,3.667021895303624,301.7215694137065,3.077297788713767,311.2171618400087,,,,
0.9055555555555556,3.665735426226999,301.72114355632226,3.067679985119442,311.23575532131974,,,,
0.9083333333333333,3.6644530056904774,301.7207239474179,3.058101960596207,311.2541689026644,,,,
0.9111111111111111,3.663174814386431,301.7203107055318,3.0485585516253435,311.272471316456,,,,
0.9138888888888889,3.661901037095043,301.71990393294834,3.039032797442288,311.2907322473144,,,,
0.9166666666666666,3.6606318585964974,301.71950373195176,3.0294979362408467,311.30901964103373,,,,
0.9194444444444444,3.6593674636709776,301.7191102048266,3.0199185234960844,311.32739997840275,,,,
0.9222222222222223,3.6581077237179294,301.71872336865744,3.010250599205447,311.34593948632187,,,,
0.925,3.6568529400771155,301.71834335741806,3.0004423681310772,311.3647022914219,,,,
0.9277777777777778,3.655603273629159,301.717970266895,2.9904353997545714,311.3837469103749,,,,
0.9305555555555556,3.6543588749152165,301.71760419006426,2.9801649874238,311.4031277250192,,,,
0.9333333333333333,3.653119894476445,301.71724521990126,2.969560148516863,311.4228968663411,,,,
0.9361111111111111,3.651886424330629,301.71689338505166,2.9585438917558617,311.4431005070674,,,,
0.9388888888888889,3.6506585860710508,301.7165487466711,2.9470328981987306,311.4637803642032,,,,
0.9416666666666667,3.649436554451128,301.71621142434986,2.934937610170377,311.48497304669536,,,,
0.9444444444444444,3.64822047092023,301.7158815010697,2.92216187746764,311.5067110437368,,,,
0.9472222222222222,3.647010476927729,301.71555905981256,2.9086027210429237,311.5290220954038,,,,
0.95,3.6458065834741333,301.71524416901946,2.894149346895482,311.5519315505591,,,,
0.9527777777777777,3.644608248165829,301.7149368354465,2.878683157859768,311.5754630530841,,,,
0.9555555555555556,3.64341597150102,301.7146371820976,2.862076535787491,311.5996392919783,,,,
0.9583333333333334,3.642229825653083,301.71434528423237,2.844192415667668,311.62448379611027,,,,
0.9611111111111111,3.6410498827953957,301.7140612171109,2.8248826530718505,311.65002158591426,,,,
0.9638888888888889,3.6398762151013386,301.71378505599296,2.803987106545764,311.6762810919702,,,,
0.9666666666666667,3.6387090002910982,301.7135169153599,2.781332313614622,311.7032941744486,,,,
0.9694444444444444,3.6375482938891714,301.7132568642849,2.7567295874574884,311.7310990994616,,,,
0.9722222222222222,3.6363941587723403,301.71300497457304,2.7299733234440215,311.75973790984915,,,,
0.975,3.635246678192706,301.71276132560115,2.700839760621471,311.7892601468385,,,,
0.9777777777777777,3.634105935402376,301.71252599674597,2.6690840238188462,311.81972344866466,,,,
0.9805555555555555,3.6329714258586145,301.71229907579004,2.634438493362296,311.8511935168116,,,,
0.9833333333333333,3.6318424245035152,301.7120806536695,2.596608313125354,311.8837450111127,,,,
0.9861111111111112,3.6307203500039367,301.711872945771,2.55527264632338,311.91746245442107,,,,
0.9888888888888889,3.629604370404162,301.7116755478797,2.510077363784216,311.95244396665873,,,,
0.989475132331692,,,2.5000100000000005,311.95999986472276,,,,
0.9916666666666667,3.628494472014731,301.7114866350602,,,,,,
0.9944444444444445,3.6273904651465956,301.7113049653958,,,,,,
0.9972222222222222,3.6262931488677808,301.7111309430512,,,,,,
1.0,3.625201959113391,301.7109656775464,,,,,,
1.0027777777777778,3.6241168912122728,301.7108091250937,,,,,,
1.0055555555555555,3.623037891385344,301.71066185379686,,,,,,
1.0083333333333333,3.6219648037391408,301.710524220961,,,,,,
1.011111111111111,3.62089762438738,301.71039623915334,,,,,,
1.0138888888888888,3.6198363698211695,301.7102778550458,,,,,,
1.0166666666666666,3.618780778681179,301.71016930543783,,,,,,
1.0194444444444444,3.6177307671416434,301.71007066627794,,,,,,
1.0222222222222221,3.6166864588221395,301.7099818255633,,,,,,
1.025,3.615647659435349,301.70990304115026,,,,,,
1.0277777777777777,3.614614007440344,301.7098347928726,,,,,,
1.0305555555555554,3.6135857566118696,301.70977674392293,,,,,,
1.0333333333333334,3.6125628480508967,301.70972897241853,,,,,,
1.0361111111111112,3.6115446336656074,301.70969233791885,,,,,,
1.038888888888889,3.6105314768803094,301.70966635841694,,,,,,
1.0416666666666667,3.6095233776950018,301.70965103391273,,,,,,
1.0444444444444445,3.6085198382404142,301.70964701829445,,,,,,
1.0472222222222223,3.607520819214195,301.7096543631807,,,,,,
1.05,3.6065262621933387,301.7096731453027,,,,,,
1.0527777777777778,3.605536050443939,301.7097035179757,,,,,,
1.0555555555555556,3.6045500672320934,301.7097456345148,,,,,,
1.0583333333333333,3.603568195823895,301.7097996482353,,,,,,
1.0611111111111111,3.60259026321655,301.7098658328944,,,,,,
1.0638888888888889,3.601616041988792,301.7099445787309,,,,,,
1.0666666666666667,3.6006454851982275,301.7100358896729,,,,,,
1.0694444444444444,3.5996784617444515,301.71013994978694,,,,,,
1.0722222222222222,3.598714840527059,301.7102569431391,,,,,,
1.075,3.5977544904456447,301.71038705379584,,,,,,
1.0777777777777777,3.5967972803998034,301.7105304658234,,,,,,
1.0805555555555555,3.5958432134522016,301.71068797095484,,,,,,
1.0833333333333333,3.5948921160627663,301.7108595610336,,,,,,
1.086111111111111,3.5939438448523626,301.71104536451224,,,,,,
1.0888888888888888,3.5929982782466743,301.7112456086034,,,,,,
1.0916666666666666,3.5920552946713835,301.71146052052023,,,,,,
1.0944444444444446,3.591114772552171,301.7116903274755,,,,,,
1.0972222222222223,3.5901764901885356,301.7119355523536,,,,,,
1.1,3.589240121089815,301.71219702748283,,,,,,
1.1027777777777779,3.5883056889269787,301.7124745511685,,,,,,
1.1055555555555556,3.5873730517209963,301.7127684108786,,,,,,
1.1083333333333334,3.5864420674928406,301.71307889408087,,,,,,
1.1111111111111112,3.5855125942634802,301.713406288243,,,,,,
1.113888888888889,3.5845844900538864,301.71375088083306,,,,,,
1.1166666666666667,3.5836578678752202,301.71411339450304,,,,,,
1.1194444444444445,3.582732512950873,301.7144939924792,,,,,,
1.1222222222222222,3.5818082554074904,301.7148929146231,,,,,,
1.125,3.5808849718046387,301.7153104800416,,,,,,
1.1277777777777778,3.5799625387018903,301.7157470078418,,,,,,
1.1305555555555555,3.5790408326588112,301.71620281713103,,,,,,
1.1333333333333333,3.5781197755840757,301.7166783720258,,,,,,
1.136111111111111,3.577199346319576,301.7171743186942,,,,,,
1.1388888888888888,3.5762793502111094,301.7176907485281,,,,,,
1.1416666666666666,3.5753596735968562,301.718228011903,,,,,,
1.1444444444444444,3.574440202814998,301.7187864591944,,,,,,
1.1472222222222221,3.573520824203715,301.7193664407776,,,,,,
1.15,3.5726014042751753,301.7199722593744,,,,,,
1.1527777777777777,3.5716818214506336,301.7206000578495,,,,,,
1.1555555555555554,3.5707619281547873,301.7212478529919,,,,,,
1.1583333333333334,3.569841677700282,301.72191823439056,,,,,,
1.1611111111111112,3.568920950552444,301.7226126559818,,,,,,
1.163888888888889,3.5679996779256316,301.72333122713087,,,,,,
1.1666666666666667,3.567077732658774,301.72407419170514,,,,,,
1.1694444444444445,3.56615495347304,301.7248424924359,,,,,,
1.1722222222222223,3.5652313034734213,301.7256363147993,,,,,,
1.175,3.5643068119146957,301.72645551172775,,,,,,
1.1777777777777778,3.5633811665093633,301.7273010106,,,,,,
1.1805555555555556,3.5624542563577286,301.72817314074695,,,,,,
1.1833333333333333,3.5615262325627075,301.72907145344885,,,,,,
1.1861111111111111,3.560596862701495,301.7299967733899,,,,,,
1.1888888888888889,3.5596658136501187,301.73095028256313,,,,,,
1.1916666666666667,3.558733332308674,301.7319311049157,,,,,,
1.1944444444444444,3.5577993082461514,301.7329396249995,,,,,,
1.1972222222222222,3.556863236183598,301.73397760233837,,,,,,
1.2,3.555925416853996,301.7350439896953,,,,,,
1.2027777777777777,3.554985847848985,301.7361387934658,,,,,,
1.2055555555555555,3.554044016516925,301.73726337502416,,,,,,
1.2083333333333333,3.553100019629945,301.73841747738686,,,,,,
1.211111111111111,3.552153757736441,301.7396013646528,,,,,,
1.2138888888888888,3.5512051289197464,301.7408154878621,,,,,,
1.2166666666666666,3.5502540332756594,301.7420601454373,,,,,,
1.2194444444444446,3.5493003710968627,301.74333562086986,,,,,,
1.2222222222222223,3.5483440410706963,301.74464206926217,,,,,,
1.225,3.5473849421170085,301.7459796754719,,,,,,
1.2277777777777779,3.5464229741949573,301.7473487573612,,,,,,
1.2305555555555556,3.5454580295217344,301.7487494703601,,,,,,
1.2333333333333334,3.5444899928323395,301.75018186788225,,,,,,
1.2361111111111112,3.543518765696276,301.75164623287236,,,,,,
1.238888888888889,3.5425442401098053,301.7531427011124,,,,,,
1.2416666666666667,3.5415662937879446,301.75467113838835,,,,,,
1.2444444444444445,3.540584824966472,301.7562317984441,,,,,,
1.2472222222222222,3.5395997246802233,301.7578247991524,,,,,,
1.25,3.5386108649361363,301.75944993312896,,,,,,
1.2527777777777778,3.537618135409512,301.76110729500704,,,,,,
1.2555555555555555,3.5366214184216913,301.7627968537137,,,,,,
1.2583333333333333,3.535620594889978,301.76451855417565,,,,,,
1.261111111111111,3.5346155443276444,301.7662723173197,,,,,,
1.2638888888888888,3.5336061448439295,301.7680580400725,,,,,,
1.2666666666666666,3.532592266504495,301.7698754433766,,,,,,
1.2694444444444444,3.531573781025446,301.7717242940934,,,,,,
1.2722222222222221,3.5305505630362175,301.7736044339124,,,,,,
1.275,3.52952248251738,301.7755156062459,,,,,,
1.2777777777777777,3.5284894077756683,301.77745752433043,,,,,,
1.2805555555555554,3.52745120544398,301.7794298712262,,,,,,
1.2833333333333334,3.526407735342784,301.7814322280588,,,,,,
1.2861111111111112,3.5253588382828163,301.78346390368677,,,,,,
1.288888888888889,3.524304385617067,301.78552462668074,,,,,,
1.2916666666666667,3.523244233006345,301.7876138996734,,,,,,
1.2944444444444445,3.5221782340308527,301.78973118944054,,,,,,
1.2972222222222223,3.5211062401902007,301.79187592690204,,,,,,
1.3,3.520028100903398,301.7940475071211,,,,,,
1.3027777777777778,3.518943698480544,301.79624488869587,,,,,,
1.3055555555555556,3.5178528729018907,301.7984674554326,,,,,,
1.3083333333333333,3.5167554671900128,301.80071449659675,,,,,,
1.3111111111111111,3.5156513286473796,301.80298519273686,,,,,,
1.3138888888888889,3.514540303541996,301.80528180675634,,,,,,
1.3166666666666667,3.513422500031332,301.8075992865233,,,,,,
1.3194444444444444,3.5122972709514335,301.80993479298473,,,,,,
1.3222222222222222,3.5111646962868557,301.8122893991058,,,,,,
1.325,3.5100246892677087,301.81466253054447,,,,,,
1.3277777777777777,3.5088770554555504,301.8170528587138,,,,,,
1.3305555555555555,3.5077216534217723,301.81945913374443,,,,,,
1.3333333333333333,3.506558399223204,301.8218806059706,,,,,,
1.336111111111111,3.505387103459146,301.82431546066476,,,,,,
1.3388888888888888,3.5042076990602475,301.8267629426121,,,,,,
1.3416666666666666,3.503020016104031,301.82922128783315,,,,,,
1.3444444444444446,3.5018239522993255,301.83168943443474,,,,,,
1.3472222222222223,3.500619425345999,301.83416574090836,,,,,,
1.35,3.499406348700857,301.8366486049989,,,,,,
1.3527777777777779,3.498184605544398,301.839136704542,,,,,,
1.3555555555555556,3.496954124702088,301.84162824455365,,,,,,
1.3583333333333334,3.4957148405064475,301.84412137036367,,,,,,
1.3611111111111112,3.494466647716269,301.8466146562079,,,,,,
1.363888888888889,3.493209552656678,301.8491063204952,,,,,,
1.3666666666666667,3.4919436338992074,301.851594448324,,,,,,
1.3694444444444445,3.4906687859310805,301.85407746446793,,,,,,
1.3722222222222222,3.4893849911746058,301.8565536294528,,,,,,
1.375,3.4880922601077584,301.8590211487565,,,,,,
1.3777777777777778,3.4867905523923204,301.86147832756296,,,,,,
1.3805555555555555,3.4854799176811193,301.8639234646145,,,,,,
1.3833333333333333,3.4841606843250696,301.86635497419593,,,,,,
1.386111111111111,3.4828328944632965,301.86877115193477,,,,,,
1.3888888888888888,3.481496704165094,301.87117036789425,,,,,,
1.3916666666666666,3.480152136426983,301.8735511353798,,,,,,
1.3944444444444444,3.478799404227247,301.87591185496063,,,,,,
1.3972222222222221,3.47743868731611,301.87825100895446,,,,,,
1.4,3.476070315560846,301.88056732082254,,,,,,
1.4027777777777777,3.4746945103293427,301.88285934117255,,,,,,
1.4055555555555554,3.473311562442348,301.8851257326264,,,,,,
1.4083333333333334,3.4719215207400844,301.88736542420475,,,,,,
1.4111111111111112,3.4705246954259543,301.8895771954272,,,,,,
1.413888888888889,3.469121327079123,301.8917599497987,,,,,,
1.4166666666666667,3.467712195117224,301.8939128826649,,,,,,
1.4194444444444445,3.466297716406123,301.8960350943017,,,,,,
1.4222222222222223,3.4648784109784225,301.8981257887996,,,,,,
1.425,3.4634539930327275,301.9001843601525,,,,,,
1.4277777777777778,3.462024647387481,301.90221024314064,,,,,,
1.4305555555555556,3.460590640879557,301.9042029530646,,,,,,
1.4333333333333333,3.4591534571672446,301.9061625182326,,,,,,
1.4361111111111111,3.457713917367355,301.90808859100144,,,,,,
1.4388888888888889,3.4562722821665224,301.90998067558473,,,,,,
1.4416666666666667,3.4548286114940776,301.9118391482941,,,,,,
1.4444444444444444,3.453383077329165,301.9136642296455,,,,,,
1.4472222222222222,3.4519362780218477,301.9154555473202,,,,,,
1.45,3.4504887483553888,301.917213562984,,,,,,
1.4527777777777777,3.449041054915776,301.9189388630048,,,,,,
1.4555555555555555,3.4475935809367257,301.9206313148041,,,,,,
1.4583333333333333,3.4461468390641707,301.92229167474903,,,,,,
1.461111111111111,3.4447013864584246,301.9239211939073,,,,,,
1.4638888888888888,3.4432576724958945,301.9255199255144,,,,,,
1.4666666666666666,3.441816133565315,301.92708882978343,,,,,,
1.4694444444444446,3.4403771100284892,301.92862966259236,,,,,,
1.4722222222222223,3.4389411119366438,301.930142773798,,,,,,
1.475,3.437508819016915,301.93162925519755,,,,,,
1.4777777777777779,3.4360805371622467,301.93308772183025,,,,,,
1.4805555555555556,3.4346564006786524,301.9345229370234,,,,,,
1.4833333333333334,3.4332369309868658,301.93593788126583,,,,,,
1.4861111111111112,3.431822460373099,301.9373312699258,,,,,,
1.488888888888889,3.430413317167773,301.9387043373921,,,,,,
1.4916666666666667,3.4290098410876775,301.9400582562644,,,,,,
1.4944444444444445,3.427612241294184,301.94139386346257,,,,,,
1.4972222222222222,3.4262208864958685,301.942712935561,,,,,,
1.5,3.4248359807111255,301.9440166900702,,,,,,
1.5027777777777778,3.423457674814806,301.9453059947301,,,,,,
1.5055555555555555,3.4220862636738074,301.9465827224407,,,,,,
1.5083333333333333,3.4207219067659436,301.94784786542436,,,,,,
1.511111111111111,3.4193647457859218,301.94910277546524,,,,,,
1.5138888888888888,3.4180147353950616,301.95034909420474,,,,,,
1.5166666666666666,3.416672079603563,301.951588076853,,,,,,
1.5194444444444444,3.4153368934806263,301.9528211612283,,,,,,
1.5222222222222221,3.4140092759949434,301.9540499282825,,,,,,
1.525,3.4126893508299845,301.9552757392526,,,,,,
1.5277777777777777,3.411377084837781,301.95649999393385,,,,,,
1.5305555555555554,3.410072075583422,301.95772399929683,,,,,,
1.5333333333333334,3.4087744960420796,301.95894920694826,,,,,,
1.5361111111111112,3.4074842339209606,301.9601769493182,,,,,,
1.538888888888889,3.4062009752558975,301.96140839665037,,,,,,
1.5416666666666667,3.4049247252719708,301.9626449758838,,,,,,
1.5444444444444445,3.403655394567524,301.9638879587906,,,,,,
1.5472222222222223,3.4023929411393623,301.9651384272828,,,,,,
1.55,3.4011372745498383,301.9663976572821,,,,,,
1.5527777777777778,3.3998881174387297,301.967666848165,,,,,,
1.5555555555555556,3.3986446187630266,301.96894723429466,,,,,,
1.5583333333333333,3.397406531149314,301.9702399624296,,,,,,
1.5611111111111111,3.396173598032761,301.97154623568593,,,,,,
1.5638888888888889,3.3949462462522044,301.97286737028764,,,,,,
1.5666666666666667,3.3937240448360457,301.9742045300383,,,,,,
1.5694444444444444,3.3925065824190566,301.9755588982531,,,,,,
1.5722222222222222,3.3912927065699696,301.97693157744374,,,,,,
1.575,3.390082107038129,301.978323756666,,,,,,
1.5777777777777777,3.388874315923683,301.97973659054526,,,,,,
1.5805555555555555,3.387669330050384,301.9811712442804,,,,,,
1.5833333333333333,3.3864664963479045,301.98262884999974,,,,,,
1.586111111111111,3.3852652111970443,301.9841105252863,,,,,,
1.5888888888888888,3.384064485997631,301.9856173451579,,,,,,
1.5916666666666666,3.382863744905084,301.9871504143434,,,,,,
1.5944444444444446,3.3816625260807944,301.9887108947607,,,,,,
1.5972222222222223,3.380461014000481,301.9903001155131,,,,,,
1.6,3.3792585815687097,301.99191919936004,,,,,,
1.6027777777777779,3.378054414073687,301.9935693869746,,,,,,
1.6055555555555556,3.3768468849063797,301.99525194716375,,,,,,
1.6083333333333334,3.375635765926339,301.99696806642277,,,,,,
1.6111111111111112,3.37442026129935,301.99871902322406,,,,,,
1.613888888888889,3.3731994801475405,302.0005061774772,,,,,,
1.6166666666666667,3.3719727120318272,302.0023307344842,,,,,,
1.6194444444444445,3.370739250697401,302.0041940893327,,,,,,
1.6222222222222222,3.3694984781562747,302.00609780649614,,,,,,
1.625,3.368249604351588,302.0080431202443,,,,,,
1.6277777777777778,3.3669915951046123,302.010031578285,,,,,,
1.6305555555555555,3.3657230529306075,302.0120649567691,,,,,,
1.6333333333333333,3.3644433088455368,302.0141445737738,,,,,,
1.636111111111111,3.3631514015047497,302.01627199755285,,,,,,
1.6388888888888888,3.3618463418286035,302.01844888703823,,,,,,
1.6416666666666666,3.3605271110076176,302.0206846514376,,,,,,
1.6444444444444444,3.3591930253453226,302.02297145952224,,,,,,
1.6472222222222221,3.357842329229843,302.0253068709956,,,,,,
1.65,3.3564741433515337,302.0276981564137,,,,,,
1.6527777777777777,3.355087368124397,302.03014817376766,,,,,,
1.6555555555555554,3.3536803260752475,302.0326582301221,,,,,,
1.6583333333333334,3.352252219735166,302.03522935540764,,,,,,
1.6611111111111112,3.350801587018704,302.0378633824072,,,,,,
1.663888888888889,3.349326409875012,302.0405626298493,,,,,,
1.6666666666666667,3.3478260737799252,302.04332755836066,,,,,,
1.6694444444444445,3.3462982236743573,302.0461603632183,,,,,,
1.6722222222222223,3.3447415754860677,302.0490622413751,,,,,,
1.675,3.3431540783118434,302.05203466798133,,,,,,
1.6777777777777778,3.341533817570128,302.05507911169786,,,,,,
1.6805555555555556,3.3398791250110387,302.0581970294607,,,,,,
1.6833333333333333,3.338187892805811,302.0613890781573,,,,,,
1.6861111111111111,3.336458240552172,302.06465649367647,,,,,,
1.6888888888888889,3.334688327781169,302.0680006135728,,,,,,
1.6916666666666667,3.3328743329652473,302.0714199994049,,,,,,
1.6944444444444444,3.3310142790258075,302.0749157453118,,,,,,
1.6972222222222222,3.3291058814583234,302.07848851482584,,,,,,
1.7,3.3271451729611248,302.0821358330066,,,,,,
1.7027777777777777,3.325129947922334,302.0858585769043,,,,,,
1.7055555555555555,3.3230571536144624,302.0896555903702,,,,,,
1.7083333333333333,3.3209233356045638,302.0935243947829,,,,,,
1.711111111111111,3.3187257365206184,302.09746480634675,,,,,,
1.7138888888888888,3.3164604632766013,302.101472663592,,,,,,
1.7166666666666666,3.3141241894922184,302.105545821629,,,,,,
1.7194444444444446,3.311713633955666,302.1096819962711,,,,,,
1.7222222222222223,3.3092249399472347,302.1138752586558,,,,,,
1.725,3.3066547965741147,302.11812355002786,,,,,,
1.7277777777777779,3.303999704400942,302.1224217906223,,,,,,
1.7305555555555556,3.3012561625610655,302.1267647625908,,,,,,
1.7333333333333334,3.298420689566175,302.1311489082974,,,,,,
1.7361111111111112,3.2954910615835953,302.13556756195226,,,,,,
1.738888888888889,3.2924641734232054,302.14001575384805,,,,,,
1.7416666666666667,3.289337734502123,302.1444881317144,,,,,,
1.7444444444444445,3.286110397318896,302.1489800893658,,,,,,
1.7472222222222222,3.2827803126420783,302.1534858553199,,,,,,
1.75,3.279346476993008,302.1580008540503,,,,,,
1.7527777777777778,3.2758081445620992,302.16252023160433,,,,,,
1.7555555555555555,3.2721651299448844,302.1670392677758,,,,,,
1.7583333333333333,3.2684194642306426,302.1715552524312,,,,,,
1.761111111111111,3.264572175228537,302.1760641911505,,,,,,
1.7638888888888888,3.260625286374437,302.18056340589396,,,,,,
1.7666666666666666,3.2565813720076813,302.18505086490586,,,,,,
1.7694444444444444,3.25244368394967,302.1895245670532,,,,,,
1.7722222222222221,3.2482159326430446,302.1939833208357,,,,,,
1.775,3.2439024835009906,302.19842628092397,,,,,,
1.7777777777777777,3.2395085504023546,302.20285382236705,,,,,,
1.7805555555555554,3.235039814055682,302.2072665620633,,,,,,
1.7833333333333334,3.230502014528864,302.21166552083923,,,,,,
1.7861111111111112,3.225900954610432,302.2160521401144,,,,,,
1.788888888888889,3.22124333836647,302.2204284902598,,,,,,
1.7916666666666667,3.21653530107716,302.2247961902112,,,,,,
1.7944444444444445,3.2117838704086283,302.2291579381069,,,,,,
1.7972222222222223,3.2069954304012676,302.2335162008947,,,,,,
1.8,3.2021768496210865,302.2378739232439,,,,,,
1.8027777777777778,3.1973344723134547,302.2422341645675,,,,,,
1.8055555555555556,3.192474249500756,302.2466010249352,,,,,,
1.8083333333333333,3.187602170662074,302.2509771343879,,,,,,
1.8111111111111111,3.182723683394298,302.25536455374294,,,,,,
1.8138888888888889,3.1778431817585475,302.25976717410384,,,,,,
1.8166666666666667,3.172965015340761,302.26418848008456,,,,,,
1.8194444444444444,3.1680935718467422,302.2686319593305,,,,,,
1.8222222222222222,3.163231527407244,302.27310096410554,,,,,,
1.825,3.158381312486875,302.27759882050157,,,,,,
1.8277777777777777,3.153544567498156,302.28212882359026,,,,,,
1.8305555555555555,3.1487225340492513,302.28669424801615,,,,,,
1.8333333333333333,3.1439153533762823,302.29129828412454,,,,,,
1.836111111111111,3.1391223926274123,302.2959440806108,,,,,,
1.8388888888888888,3.1343427398601644,302.30063476257203,,,,,,
1.8416666666666666,3.1295745015410317,302.30537338755005,,,,,,
1.8444444444444446,3.124814951986784,302.31016296096425,,,,,,
1.8472222222222223,3.1200609337480607,302.3150064592115,,,,,,
1.85,3.115308601619219,302.31990678400285,,,,,,
1.8527777777777779,3.1105535774778454,302.3248667524554,,,,,,
1.8555555555555556,3.1057907056811285,302.3298891572956,,,,,,
1.8583333333333334,3.101014521647649,302.33497675903016,,,,,,
1.8611111111111112,3.09621891868632,302.34013225954226,,,,,,
1.863888888888889,3.091397096374453,302.3453582953715,,,,,,
1.8666666666666667,3.086542403234291,302.35065749129035,,,,,,
1.8694444444444445,3.0816471122090943,302.3560323977508,,,,,,
1.8722222222222222,3.0767032346741807,302.36148552726416,,,,,,
1.875,3.071702814481121,302.36701935848845,,,,,,
1.8777777777777778,3.0666369388037045,302.3726363115331,,,,,,
1.8805555555555555,3.0614965883187013,302.3783387729645,,,,,,
1.8833333333333333,3.0562725233886394,302.3841290940712,,,,,,
1.886111111111111,3.050954843258528,302.3900095697805,,,,,,
1.8888888888888888,3.0455335069835936,302.39598246822237,,,,,,
1.8916666666666666,3.039998130698465,302.4020500177342,,,,,,
1.8944444444444444,3.0343379496276874,302.4082144038787,,,,,,
1.8972222222222221,3.028541704427658,302.4144778643308,,,,,,
1.9,3.022597932487775,302.42084256303974,,,,,,
1.9027777777777777,3.016494764004757,302.4273106729987,,,,,,
1.9055555555555554,3.0102198298395155,302.43388439139227,,,,,,
1.9083333333333334,3.0037604852271675,302.44056590260743,,,,,,
1.9111111111111112,2.9971036242158613,302.4473574106147,,,,,,
1.913888888888889,2.9902356841835074,302.4542611374455,,,,,,
1.9166666666666667,2.9831427152792855,302.4612793337847,,,,,,
1.9194444444444445,2.9758101673305872,302.46841429166875,,,,,,
1.9222222222222223,2.968222989920358,302.47566834459116,,,,,,
1.925,2.9603656655153103,302.4830438704399,,,,,,
1.9277777777777778,2.952221917247031,302.49054350500796,,,,,,
1.9305555555555556,2.943774972119739,302.4981698640935,,,,,,
1.9333333333333333,2.935007395795691,302.5059257239368,,,,,,
1.9361111111111111,2.9259011598883666,302.51381401843787,,,,,,
1.9388888888888889,2.916437488150296,302.52183784048526,,,,,,
1.9416666666666667,2.906596837445022,302.5300004152749,,,,,,
1.9444444444444444,2.896358778872022,302.538305069106,,,,,,
1.9472222222222222,2.8857021956758686,302.5467553853195,,,,,,
1.95,2.8746049274100516,302.5553551247674,,,,,,
1.9527777777777777,2.863043867871699,302.564108248896,,,,,,
1.9555555555555555,2.8509949806556323,302.5730189211069,,,,,,
1.9583333333333333,2.8384326473867314,302.5820926742624,,,,,,
1.961111111111111,2.8253303590936443,302.59133483066194,,,,,,
1.9638888888888888,2.8116621248173814,302.60075102188836,,,,,,
1.9666666666666666,2.7973988082376238,302.61034346101667,,,,,,
1.9694444444444446,2.7825100962792746,302.62012298232213,,,,,,
1.9722222222222223,2.766964618029018,302.63009046107476,,,,,,
1.975,2.7507300608440417,302.6402545228832,,,,,,
1.9777777777777779,2.733772276545281,302.65062228385153,,,,,,
1.9805555555555556,2.716054530503778,302.66120108084806,,,,,,
1.9833333333333334,2.697539052261762,302.6719988660876,,,,,,
1.9861111111111112,2.6781876004628415,302.6830244040079,,,,,,
1.988888888888889,2.657959442430863,302.69428702692403,,,,,,
1.9916666666666667,2.6368099801557987,302.70579685008056,,,,,,
1.9944444444444445,2.614692397587306,302.71756384009007,,,,,,
1.9972222222222222,2.5915625169690593,302.72959940142835,,,,,,
2.0,2.5673714435995487,302.74191565825754,,,,,,
2.0027777777777778,2.5420620627669512,302.7545255031328,,,,,,
2.0055555555555555,2.5155819888367246,302.76744287969103,,,,,,
2.0071321847687997,2.5000099999999996,302.7749187820459,,,,,,
